OrderID,Date,CustomerID,Product,Quantity,UnitPrice,TotalPrice,PaymentMethod,Clean_CouponCode
ORD200000,1/4/2023,C72649,Monitor,5,570.62,2853.10,Debit Card,SAVE10
ORD200001,8/23/2024,C75739,Phone,2,151.35,302.70,Online,SAVE10
ORD200002,2/27/2024,C81728,Tablet,5,550.68,2753.40,Credit Card,FREESHIP
ORD200003,10/15/2023,C33540,Chair,1,273.19,273.19,Debit Card,SAVE10
ORD200004,5/8/2025,C81840,Printer,4,626.01,2504.04,Online,SAVE10
ORD200005,10/23/2023,C37249,Phone,2,245.86,491.72,Credit Card,SAVE10
ORD200006,6/17/2025,C83492,Laptop,1,664.42,664.42,Gift Card,SAVE10
ORD200007,5/12/2023,C41460,Monitor,5,149.55,747.75,Cash,FREESHIP
ORD200008,4/2/2025,C26817,Phone,2,134.28,268.56,Gift Card,NONE
ORD200009,11/21/2023,C31946,Desk,4,509.38,2037.52,Credit Card,SAVE10
ORD200010,12/29/2023,C43443,Tablet,5,625.97,3129.85,Credit Card,WINTER15
ORD200011,2/17/2024,C93861,Monitor,3,49.14,147.42,Online,SAVE10
ORD200012,10/15/2024,C38785,Monitor,2,180.50,361.00,Debit Card,FREESHIP
ORD200013,8/30/2023,C88348,Laptop,3,201.49,604.47,Credit Card,FREESHIP
ORD200014,3/27/2023,C98474,Tablet,2,393.33,786.66,Debit Card,SAVE10
ORD200015,7/17/2023,C39416,Printer,1,473.96,473.96,Cash,NONE
ORD200016,1/24/2023,C28976,Printer,2,533.81,1067.62,Credit Card,FREESHIP
ORD200017,3/2/2024,C60672,Tablet,1,423.40,423.40,Debit Card,NONE
ORD200018,3/26/2025,C84329,Desk,1,431.44,431.44,Gift Card,SAVE10
ORD200019,1/23/2023,C14552,Monitor,5,224.00,1120.00,Cash,SAVE10
ORD200020,5/8/2023,C54829,Chair,5,62.51,312.55,Cash,WINTER15
ORD200021,11/17/2024,C99023,Monitor,4,342.95,1371.80,Cash,NONE
ORD200022,1/29/2023,C34416,Monitor,2,49.62,99.24,Online,SAVE10
ORD200023,4/9/2025,C42372,Phone,4,273.25,1093.00,Debit Card,FREESHIP
ORD200024,10/30/2024,C17470,Laptop,2,230.95,461.90,Online,WINTER15
ORD200025,7/24/2024,C42577,Monitor,1,399.98,399.98,Debit Card,WINTER15
ORD200026,3/6/2024,C21944,Laptop,5,59.55,297.75,Online,NONE
ORD200027,2/22/2024,C97593,Printer,1,472.74,472.74,Online,WINTER15
ORD200028,11/21/2023,C59823,Phone,4,160.07,640.28,Online,NONE
ORD200029,9/20/2024,C33260,Desk,3,423.53,1270.59,Credit Card,SAVE10
ORD200030,3/22/2025,C44267,Monitor,2,426.70,853.40,Online,SAVE10
ORD200031,6/30/2023,C26445,Chair,3,500.08,1500.24,Debit Card,NONE
ORD200032,5/1/2023,C12388,Tablet,5,536.72,2683.60,Cash,NONE
ORD200033,6/5/2023,C52184,Chair,1,162.77,162.77,Online,WINTER15
ORD200034,1/7/2023,C67195,Chair,4,576.52,2306.08,Credit Card,WINTER15
ORD200035,12/7/2024,C50304,Monitor,2,465.15,930.30,Online,SAVE10
ORD200036,5/8/2025,C59337,Laptop,2,534.43,1068.86,Debit Card,NONE
ORD200037,10/14/2024,C10054,Laptop,2,76.74,153.48,Cash,SAVE10
ORD200038,12/19/2024,C15924,Laptop,1,245.89,245.89,Debit Card,SAVE10
ORD200039,2/27/2025,C96664,Printer,3,256.46,769.38,Credit Card,SAVE10
ORD200040,8/20/2023,C84766,Desk,2,344.02,688.04,Online,FREESHIP
ORD200041,12/5/2023,C20212,Monitor,3,611.45,1834.35,Gift Card,FREESHIP
ORD200042,5/6/2024,C28712,Printer,2,151.66,303.32,Cash,NONE
ORD200043,12/14/2023,C60572,Chair,3,499.21,1497.63,Online,NONE
ORD200044,4/21/2025,C73225,Phone,2,550.18,1100.36,Gift Card,FREESHIP
ORD200045,2/10/2024,C17388,Chair,1,317.25,317.25,Debit Card,SAVE10
ORD200046,6/26/2024,C43212,Monitor,4,550.14,2200.56,Debit Card,FREESHIP
ORD200047,7/19/2023,C38134,Desk,2,209.94,419.88,Credit Card,FREESHIP
ORD200048,8/26/2023,C12408,Monitor,2,80.77,161.54,Debit Card,NONE
ORD200049,10/7/2023,C11985,Printer,1,30.44,30.44,Credit Card,SAVE10
ORD200050,7/31/2023,C96494,Tablet,1,179.22,179.22,Online,FREESHIP
ORD200051,12/30/2024,C36778,Tablet,1,388.33,388.33,Cash,SAVE10
ORD200052,9/8/2024,C30513,Tablet,1,586.44,586.44,Online,SAVE10
ORD200053,5/18/2024,C67551,Phone,4,488.78,1955.12,Online,FREESHIP
ORD200054,3/27/2025,C48120,Chair,1,280.25,280.25,Online,WINTER15
ORD200055,6/24/2025,C95984,Printer,3,344.40,1033.20,Online,NONE
ORD200056,5/21/2023,C54298,Tablet,3,479.21,1437.63,Cash,WINTER15
ORD200057,1/22/2023,C88036,Printer,5,314.27,1571.35,Cash,SAVE10
ORD200058,1/15/2023,C60190,Phone,4,474.69,1898.76,Gift Card,SAVE10
ORD200059,9/11/2024,C97603,Chair,4,593.27,2373.08,Online,NONE
ORD200060,8/21/2024,C39256,Desk,1,417.10,417.10,Debit Card,FREESHIP
ORD200061,3/24/2024,C61618,Desk,4,122.20,488.80,Cash,FREESHIP
ORD200062,8/22/2023,C36497,Desk,2,43.15,86.30,Debit Card,WINTER15
ORD200063,2/2/2025,C96695,Chair,1,564.86,564.86,Debit Card,WINTER15
ORD200064,6/25/2025,C49720,Printer,3,130.61,391.83,Debit Card,FREESHIP
ORD200065,12/30/2023,C97735,Monitor,5,81.70,408.50,Credit Card,NONE
ORD200066,11/15/2024,C18104,Chair,5,127.18,635.90,Cash,SAVE10
ORD200067,12/9/2024,C25587,Printer,4,12.10,48.40,Debit Card,NONE
ORD200068,12/11/2023,C41598,Chair,3,490.92,1472.76,Credit Card,FREESHIP
ORD200069,5/11/2023,C43338,Monitor,3,478.65,1435.95,Online,NONE
ORD200070,5/26/2023,C25123,Desk,1,629.21,629.21,Gift Card,FREESHIP
ORD200071,6/10/2025,C37454,Monitor,3,434.45,1303.35,Credit Card,NONE
ORD200072,12/22/2024,C19451,Tablet,4,589.44,2357.76,Gift Card,NONE
ORD200073,5/3/2023,C17269,Monitor,4,433.45,1733.80,Gift Card,NONE
ORD200074,6/24/2023,C25382,Phone,5,90.87,454.35,Cash,NONE
ORD200075,9/26/2023,C80651,Tablet,3,398.17,1194.51,Debit Card,SAVE10
ORD200076,3/31/2024,C58638,Laptop,4,382.88,1531.52,Cash,WINTER15
ORD200077,5/24/2024,C50121,Phone,1,583.18,583.18,Credit Card,NONE
ORD200078,8/6/2024,C32029,Printer,4,175.36,701.44,Debit Card,FREESHIP
ORD200079,3/10/2025,C76700,Tablet,2,311.91,623.82,Online,NONE
ORD200080,6/27/2023,C29041,Phone,3,589.56,1768.68,Online,NONE
ORD200081,6/8/2023,C29314,Monitor,2,394.30,788.60,Cash,FREESHIP
ORD200082,1/5/2024,C65799,Tablet,4,565.20,2260.80,Debit Card,SAVE10
ORD200083,8/22/2023,C15681,Laptop,4,540.41,2161.64,Credit Card,NONE
ORD200084,8/28/2023,C64160,Monitor,2,165.49,330.98,Online,WINTER15
ORD200085,9/9/2024,C14553,Tablet,3,146.73,440.19,Cash,FREESHIP
ORD200086,6/19/2024,C88205,Printer,5,643.03,3215.15,Online,FREESHIP
ORD200087,10/10/2024,C91245,Tablet,3,225.11,675.33,Cash,SAVE10
ORD200088,6/5/2025,C75439,Desk,3,114.81,344.43,Gift Card,NONE
ORD200089,2/25/2025,C17181,Printer,5,455.33,2276.65,Credit Card,FREESHIP
ORD200090,9/18/2023,C36540,Chair,4,182.08,728.32,Gift Card,SAVE10
ORD200091,3/15/2023,C98216,Laptop,5,492.75,2463.75,Cash,WINTER15
ORD200092,6/10/2024,C29568,Printer,4,48.61,194.44,Online,FREESHIP
ORD200093,1/14/2023,C97262,Desk,4,431.01,1724.04,Credit Card,NONE
ORD200094,2/11/2023,C79821,Chair,1,531.18,531.18,Gift Card,WINTER15
ORD200095,3/24/2023,C76761,Printer,4,117.51,470.04,Debit Card,NONE
ORD200096,6/1/2024,C93007,Phone,2,232.83,465.66,Gift Card,NONE
ORD200097,1/21/2025,C15624,Tablet,5,619.52,3097.60,Debit Card,NONE
ORD200098,1/14/2023,C70921,Printer,2,228.54,457.08,Debit Card,NONE
ORD200099,4/12/2025,C30477,Printer,1,201.58,201.58,Debit Card,WINTER15
ORD200100,2/17/2023,C74866,Phone,3,664.79,1994.37,Online,NONE
ORD200101,11/25/2023,C15283,Printer,1,381.02,381.02,Cash,NONE
ORD200102,3/8/2023,C18037,Laptop,2,70.34,140.68,Gift Card,FREESHIP
ORD200103,1/25/2025,C62656,Phone,4,218.43,873.72,Credit Card,SAVE10
ORD200104,7/30/2024,C65744,Phone,1,582.04,582.04,Gift Card,FREESHIP
ORD200105,10/24/2024,C72290,Printer,3,185.40,556.20,Gift Card,NONE
ORD200106,9/8/2023,C73514,Desk,3,465.05,1395.15,Credit Card,SAVE10
ORD200107,3/27/2023,C16775,Printer,5,670.75,3353.75,Gift Card,FREESHIP
ORD200108,12/28/2024,C33099,Laptop,5,48.38,241.90,Gift Card,WINTER15
ORD200109,9/17/2023,C51157,Desk,3,592.87,1778.61,Gift Card,FREESHIP
ORD200110,4/21/2024,C74562,Tablet,1,220.77,220.77,Gift Card,FREESHIP
ORD200111,5/7/2025,C95271,Desk,3,309.22,927.66,Online,FREESHIP
ORD200112,1/1/2023,C81366,Monitor,1,410.60,410.60,Online,WINTER15
ORD200113,1/17/2024,C65905,Laptop,5,190.08,950.40,Cash,FREESHIP
ORD200114,1/27/2025,C77272,Monitor,5,498.48,2492.40,Online,SAVE10
ORD200115,11/27/2023,C32580,Phone,5,374.99,1874.95,Online,SAVE10
ORD200116,3/19/2023,C47761,Printer,4,291.35,1165.40,Credit Card,WINTER15
ORD200117,3/8/2023,C49187,Tablet,1,535.50,535.50,Gift Card,WINTER15
ORD200118,10/9/2023,C27898,Printer,5,502.71,2513.55,Gift Card,FREESHIP
ORD200119,6/11/2025,C14683,Desk,2,534.67,1069.34,Debit Card,FREESHIP
ORD200120,4/11/2023,C58108,Tablet,4,629.34,2517.36,Cash,WINTER15
ORD200121,11/30/2023,C89822,Desk,1,410.78,410.78,Cash,FREESHIP
ORD200122,4/15/2024,C96787,Laptop,2,533.02,1066.04,Gift Card,NONE
ORD200123,7/6/2023,C86064,Desk,3,278.04,834.12,Online,NONE
ORD200124,7/28/2024,C97148,Printer,4,283.79,1135.16,Online,NONE
ORD200125,11/6/2024,C91099,Phone,2,512.65,1025.30,Credit Card,SAVE10
ORD200126,5/3/2025,C55606,Desk,4,275.50,1102.00,Gift Card,FREESHIP
ORD200127,8/10/2023,C71486,Desk,3,469.32,1407.96,Debit Card,NONE
ORD200128,2/17/2023,C86408,Tablet,4,21.07,84.28,Gift Card,FREESHIP
ORD200129,10/27/2023,C52751,Laptop,4,263.93,1055.72,Debit Card,FREESHIP
ORD200130,1/22/2025,C29059,Desk,3,501.30,1503.90,Online,WINTER15
ORD200131,1/8/2023,C72862,Tablet,1,84.80,84.80,Gift Card,NONE
ORD200132,3/28/2023,C96257,Tablet,4,450.75,1803.00,Credit Card,WINTER15
ORD200133,6/20/2025,C87432,Chair,4,302.05,1208.20,Debit Card,SAVE10
ORD200134,6/23/2025,C16253,Laptop,2,199.70,399.40,Cash,NONE
ORD200135,8/4/2023,C79909,Printer,2,68.81,137.62,Gift Card,SAVE10
ORD200136,4/27/2024,C73370,Laptop,1,44.35,44.35,Gift Card,SAVE10
ORD200137,11/26/2024,C50682,Monitor,2,250.98,501.96,Credit Card,NONE
ORD200138,12/21/2023,C21905,Tablet,1,298.06,298.06,Debit Card,WINTER15
ORD200139,4/10/2023,C61440,Phone,1,583.90,583.90,Cash,NONE
ORD200140,5/31/2025,C33110,Chair,3,528.14,1584.42,Online,FREESHIP
ORD200141,11/18/2023,C80004,Printer,3,684.14,2052.42,Cash,WINTER15
ORD200142,9/6/2023,C86374,Desk,5,272.77,1363.85,Cash,WINTER15
ORD200143,6/13/2024,C66521,Chair,4,400.07,1600.28,Online,NONE
ORD200144,8/4/2023,C63365,Desk,5,219.78,1098.90,Credit Card,NONE
ORD200145,3/2/2024,C85929,Printer,3,146.91,440.73,Credit Card,FREESHIP
ORD200146,4/30/2025,C84645,Tablet,2,411.49,822.98,Credit Card,NONE
ORD200147,5/6/2025,C46316,Laptop,2,465.18,930.36,Credit Card,SAVE10
ORD200148,12/15/2024,C35100,Phone,2,319.91,639.82,Credit Card,WINTER15
ORD200149,12/27/2023,C39671,Laptop,1,217.56,217.56,Debit Card,NONE
ORD200150,12/13/2023,C25503,Phone,2,105.57,211.14,Debit Card,WINTER15
ORD200151,12/1/2023,C32960,Printer,5,444.76,2223.80,Debit Card,NONE
ORD200152,1/2/2025,C77736,Chair,2,399.04,798.08,Cash,FREESHIP
ORD200153,12/18/2024,C71570,Chair,4,534.48,2137.92,Online,WINTER15
ORD200154,7/20/2023,C73587,Phone,4,408.21,1632.84,Credit Card,NONE
ORD200155,2/27/2023,C62740,Phone,1,424.40,424.40,Online,WINTER15
ORD200156,11/8/2024,C58808,Chair,2,269.83,539.66,Online,SAVE10
ORD200157,2/21/2025,C50422,Monitor,2,564.58,1129.16,Online,WINTER15
ORD200158,5/16/2024,C23334,Tablet,1,331.06,331.06,Credit Card,WINTER15
ORD200159,10/31/2023,C48965,Printer,1,299.35,299.35,Credit Card,WINTER15
ORD200160,2/17/2023,C38669,Monitor,4,101.32,405.28,Cash,NONE
ORD200161,3/29/2024,C35091,Monitor,1,211.14,211.14,Credit Card,SAVE10
ORD200162,7/27/2023,C82313,Chair,3,65.86,197.58,Online,WINTER15
ORD200163,6/24/2025,C99589,Tablet,1,641.39,641.39,Online,NONE
ORD200164,12/28/2023,C70566,Desk,5,536.58,2682.90,Gift Card,SAVE10
ORD200165,9/14/2024,C60355,Monitor,2,500.29,1000.58,Online,WINTER15
ORD200166,3/4/2025,C28889,Chair,3,86.29,258.87,Cash,WINTER15
ORD200167,5/27/2023,C88304,Chair,2,384.14,768.28,Online,WINTER15
ORD200168,1/4/2025,C49517,Printer,1,594.96,594.96,Cash,NONE
ORD200169,4/7/2024,C35785,Printer,1,427.82,427.82,Online,WINTER15
ORD200170,4/4/2025,C80223,Desk,4,662.94,2651.76,Cash,SAVE10
ORD200171,8/15/2023,C20448,Tablet,2,148.22,296.44,Credit Card,WINTER15
ORD200172,4/6/2025,C34134,Printer,1,254.12,254.12,Online,WINTER15
ORD200173,3/24/2024,C95901,Phone,3,664.46,1993.38,Online,FREESHIP
ORD200174,4/16/2024,C51145,Printer,4,600.81,2403.24,Debit Card,SAVE10
ORD200175,2/8/2025,C78170,Chair,5,68.34,341.70,Debit Card,WINTER15
ORD200176,6/28/2025,C80151,Tablet,4,430.83,1723.32,Gift Card,WINTER15
ORD200177,8/5/2023,C55632,Chair,5,431.69,2158.45,Credit Card,NONE
ORD200178,4/11/2024,C53070,Chair,4,512.06,2048.24,Online,SAVE10
ORD200179,11/24/2024,C27401,Laptop,3,539.91,1619.73,Credit Card,NONE
ORD200180,3/18/2023,C87216,Tablet,5,316.07,1580.35,Cash,NONE
ORD200181,8/31/2024,C38966,Printer,5,404.39,2021.95,Online,NONE
ORD200182,3/19/2025,C16612,Desk,1,600.54,600.54,Debit Card,WINTER15
ORD200183,4/18/2024,C39246,Monitor,5,186.28,931.40,Debit Card,SAVE10
ORD200184,4/4/2024,C65180,Tablet,4,214.54,858.16,Gift Card,NONE
ORD200185,2/2/2025,C46877,Laptop,1,210.70,210.70,Online,WINTER15
ORD200186,12/7/2023,C30334,Phone,2,133.55,267.10,Cash,FREESHIP
ORD200187,2/8/2023,C21227,Chair,1,590.87,590.87,Gift Card,FREESHIP
ORD200188,3/15/2025,C97715,Chair,2,363.91,727.82,Gift Card,FREESHIP
ORD200189,7/5/2023,C48939,Printer,5,429.45,2147.25,Gift Card,WINTER15
ORD200190,8/31/2024,C35483,Printer,3,223.70,671.10,Cash,SAVE10
ORD200191,3/8/2025,C51494,Laptop,2,488.87,977.74,Online,FREESHIP
ORD200192,8/11/2023,C58410,Desk,1,645.46,645.46,Gift Card,SAVE10
ORD200193,7/21/2023,C11644,Printer,1,46.66,46.66,Cash,NONE
ORD200194,6/8/2024,C53501,Monitor,1,249.57,249.57,Cash,FREESHIP
ORD200195,4/22/2024,C63619,Chair,3,619.21,1857.63,Debit Card,NONE
ORD200196,1/24/2025,C40882,Desk,4,217.13,868.52,Cash,WINTER15
ORD200197,8/27/2023,C80135,Laptop,5,221.51,1107.55,Cash,WINTER15
ORD200198,6/11/2024,C37594,Laptop,4,340.30,1361.20,Cash,SAVE10
ORD200199,1/23/2025,C87524,Phone,1,625.00,625.00,Online,WINTER15
ORD200200,6/7/2025,C97681,Tablet,5,433.26,2166.30,Credit Card,SAVE10
ORD200201,6/18/2023,C10126,Monitor,2,674.90,1349.80,Online,SAVE10
ORD200202,2/6/2025,C36938,Monitor,3,253.98,761.94,Credit Card,FREESHIP
ORD200203,1/21/2025,C99173,Printer,3,356.84,1070.52,Online,SAVE10
ORD200204,9/5/2023,C99775,Laptop,4,413.71,1654.84,Gift Card,FREESHIP
ORD200205,3/4/2023,C19266,Desk,3,147.39,442.17,Debit Card,NONE
ORD200206,4/16/2024,C31072,Laptop,4,229.10,916.40,Gift Card,WINTER15
ORD200207,3/18/2025,C54595,Phone,1,121.96,121.96,Debit Card,NONE
ORD200208,10/8/2024,C87777,Desk,2,408.32,816.64,Online,FREESHIP
ORD200209,8/29/2023,C35854,Tablet,5,187.97,939.85,Cash,SAVE10
ORD200210,12/5/2024,C93821,Chair,3,358.48,1075.44,Gift Card,FREESHIP
ORD200211,1/3/2025,C54390,Printer,3,193.58,580.74,Gift Card,FREESHIP
ORD200212,6/20/2023,C53215,Monitor,1,265.38,265.38,Credit Card,WINTER15
ORD200213,4/20/2023,C71122,Laptop,1,634.40,634.40,Cash,SAVE10
ORD200214,8/21/2024,C29483,Desk,4,305.72,1222.88,Online,NONE
ORD200215,8/10/2023,C26767,Printer,1,303.60,303.60,Cash,FREESHIP
ORD200216,4/15/2025,C70492,Monitor,4,496.00,1984.00,Online,WINTER15
ORD200217,5/20/2024,C61549,Desk,4,321.51,1286.04,Cash,NONE
ORD200218,4/28/2023,C11665,Tablet,3,112.46,337.38,Gift Card,SAVE10
ORD200219,5/2/2025,C48946,Laptop,5,61.97,309.85,Cash,SAVE10
ORD200220,7/18/2023,C79506,Laptop,2,373.17,746.34,Credit Card,SAVE10
ORD200221,2/23/2024,C93473,Tablet,5,639.37,3196.85,Debit Card,SAVE10
ORD200222,5/4/2023,C43124,Chair,4,693.36,2773.44,Online,NONE
ORD200223,9/11/2024,C22783,Phone,4,692.91,2771.64,Credit Card,SAVE10
ORD200224,9/23/2023,C18567,Printer,4,91.46,365.84,Cash,SAVE10
ORD200225,3/13/2024,C99879,Phone,3,273.96,821.88,Debit Card,SAVE10
ORD200226,6/27/2025,C31501,Desk,3,588.05,1764.15,Gift Card,NONE
ORD200227,11/2/2023,C93220,Monitor,2,365.17,730.34,Online,FREESHIP
ORD200228,5/17/2023,C57867,Chair,4,385.92,1543.68,Credit Card,NONE
ORD200229,3/28/2025,C62622,Tablet,1,562.61,562.61,Credit Card,WINTER15
ORD200230,12/16/2023,C94595,Desk,4,61.91,247.64,Gift Card,WINTER15
ORD200231,11/5/2023,C30955,Phone,4,41.90,167.60,Gift Card,FREESHIP
ORD200232,5/19/2023,C20731,Printer,4,444.44,1777.76,Debit Card,WINTER15
ORD200233,8/24/2024,C30168,Phone,3,311.33,933.99,Cash,WINTER15
ORD200234,11/26/2024,C79842,Printer,4,236.41,945.64,Debit Card,SAVE10
ORD200235,2/20/2023,C32854,Desk,1,65.45,65.45,Cash,WINTER15
ORD200236,1/1/2023,C14847,Monitor,1,318.81,318.81,Debit Card,WINTER15
ORD200237,3/14/2024,C88645,Monitor,3,583.72,1751.16,Credit Card,FREESHIP
ORD200238,12/13/2024,C66149,Desk,4,384.32,1537.28,Credit Card,WINTER15
ORD200239,12/11/2024,C20256,Tablet,3,538.74,1616.22,Online,FREESHIP
ORD200240,7/12/2023,C14983,Tablet,1,17.24,17.24,Online,FREESHIP
ORD200241,5/16/2023,C20817,Chair,5,615.67,3078.35,Online,SAVE10
ORD200242,5/9/2023,C94921,Printer,2,219.10,438.20,Online,SAVE10
ORD200243,5/9/2025,C54725,Chair,2,144.66,289.32,Online,FREESHIP
ORD200244,2/16/2023,C98096,Desk,2,317.77,635.54,Debit Card,WINTER15
ORD200245,4/20/2025,C12667,Laptop,1,223.30,223.30,Online,NONE
ORD200246,8/30/2024,C55354,Desk,2,342.11,684.22,Gift Card,WINTER15
ORD200247,7/20/2023,C14600,Printer,2,220.90,441.80,Gift Card,NONE
ORD200248,7/2/2023,C97187,Laptop,1,670.54,670.54,Cash,FREESHIP
ORD200249,2/7/2024,C39106,Printer,1,546.19,546.19,Cash,FREESHIP
ORD200250,4/5/2023,C93379,Desk,3,42.95,128.85,Gift Card,SAVE10
ORD200251,5/15/2025,C93175,Monitor,4,14.69,58.76,Cash,NONE
ORD200252,9/20/2024,C19648,Phone,4,668.36,2673.44,Gift Card,FREESHIP
ORD200253,3/23/2024,C14891,Chair,4,413.74,1654.96,Gift Card,FREESHIP
ORD200254,12/26/2023,C10866,Monitor,3,263.19,789.57,Online,NONE
ORD200255,5/13/2024,C47283,Monitor,1,263.96,263.96,Gift Card,SAVE10
ORD200256,6/30/2025,C94323,Chair,5,75.81,379.05,Gift Card,WINTER15
ORD200257,4/23/2024,C89732,Phone,1,406.22,406.22,Credit Card,SAVE10
ORD200258,2/26/2024,C87764,Tablet,2,103.41,206.82,Online,FREESHIP
ORD200259,6/11/2023,C20977,Chair,4,435.12,1740.48,Credit Card,SAVE10
ORD200260,5/17/2023,C12245,Monitor,2,407.79,815.58,Debit Card,NONE
ORD200261,5/28/2025,C68976,Phone,5,173.65,868.25,Gift Card,SAVE10
ORD200262,1/10/2023,C69476,Phone,4,249.07,996.28,Credit Card,WINTER15
ORD200263,3/25/2023,C71040,Phone,4,434.85,1739.40,Credit Card,WINTER15
ORD200264,8/3/2024,C71035,Tablet,1,436.77,436.77,Cash,FREESHIP
ORD200265,12/22/2023,C20752,Printer,1,572.13,572.13,Debit Card,SAVE10
ORD200266,6/8/2024,C38840,Chair,4,583.07,2332.28,Credit Card,FREESHIP
ORD200267,4/17/2025,C84480,Chair,5,468.51,2342.55,Debit Card,NONE
ORD200268,8/11/2023,C37032,Phone,2,423.88,847.76,Debit Card,SAVE10
ORD200269,11/25/2023,C48942,Tablet,4,663.67,2654.68,Credit Card,FREESHIP
ORD200270,6/4/2023,C13540,Printer,4,309.91,1239.64,Debit Card,WINTER15
ORD200271,3/28/2023,C59572,Monitor,1,542.07,542.07,Cash,WINTER15
ORD200272,9/19/2023,C29758,Chair,2,399.32,798.64,Online,WINTER15
ORD200273,10/27/2024,C11849,Tablet,2,238.25,476.50,Online,FREESHIP
ORD200274,2/4/2023,C50967,Phone,2,182.40,364.80,Gift Card,SAVE10
ORD200275,11/4/2023,C80735,Chair,2,65.07,130.14,Credit Card,SAVE10
ORD200276,3/29/2025,C99050,Printer,2,600.57,1201.14,Debit Card,WINTER15
ORD200277,9/9/2024,C11210,Chair,5,90.92,454.60,Credit Card,SAVE10
ORD200278,11/18/2024,C46015,Laptop,5,362.46,1812.30,Cash,FREESHIP
ORD200279,10/20/2023,C69167,Chair,3,55.01,165.03,Online,WINTER15
ORD200280,3/27/2023,C55388,Tablet,3,404.62,1213.86,Gift Card,FREESHIP
ORD200281,7/27/2023,C87181,Desk,4,654.79,2619.16,Cash,NONE
ORD200282,4/22/2025,C30411,Printer,4,637.79,2551.16,Gift Card,FREESHIP
ORD200283,2/28/2025,C39638,Laptop,4,540.33,2161.32,Cash,NONE
ORD200284,2/16/2023,C27203,Laptop,5,208.17,1040.85,Credit Card,SAVE10
ORD200285,6/10/2025,C67583,Phone,1,338.31,338.31,Online,NONE
ORD200286,4/7/2025,C70554,Monitor,3,139.45,418.35,Gift Card,WINTER15
ORD200287,11/24/2023,C70437,Chair,4,655.18,2620.72,Online,NONE
ORD200288,3/12/2023,C97643,Laptop,4,512.75,2051.00,Debit Card,WINTER15
ORD200289,7/26/2023,C17136,Chair,4,160.49,641.96,Credit Card,WINTER15
ORD200290,5/5/2023,C24901,Chair,3,99.90,299.70,Cash,FREESHIP
ORD200291,5/12/2024,C61521,Phone,2,345.01,690.02,Credit Card,FREESHIP
ORD200292,1/15/2025,C39639,Monitor,1,65.95,65.95,Credit Card,NONE
ORD200293,2/16/2023,C33220,Tablet,4,463.04,1852.16,Gift Card,NONE
ORD200294,4/1/2025,C65414,Phone,2,297.71,595.42,Online,SAVE10
ORD200295,1/25/2023,C49009,Printer,5,107.48,537.40,Debit Card,FREESHIP
ORD200296,6/19/2024,C48453,Desk,5,638.80,3194.00,Debit Card,WINTER15
ORD200297,2/22/2023,C68078,Desk,2,493.88,987.76,Credit Card,SAVE10
ORD200298,12/19/2023,C19402,Printer,4,301.17,1204.68,Online,NONE
ORD200299,1/20/2024,C30711,Monitor,1,278.66,278.66,Gift Card,FREESHIP
ORD200300,9/2/2024,C39000,Phone,1,287.46,287.46,Debit Card,FREESHIP
ORD200301,5/11/2023,C31105,Chair,1,583.99,583.99,Cash,SAVE10
ORD200302,5/16/2023,C29432,Chair,3,468.74,1406.22,Cash,FREESHIP
ORD200303,12/7/2024,C48531,Tablet,1,30.54,30.54,Debit Card,NONE
ORD200304,10/18/2024,C86762,Monitor,5,408.73,2043.65,Gift Card,FREESHIP
ORD200305,11/25/2023,C63822,Laptop,4,126.89,507.56,Cash,FREESHIP
ORD200306,6/7/2024,C70495,Printer,2,57.07,114.14,Debit Card,SAVE10
ORD200307,7/1/2023,C92407,Laptop,3,557.41,1672.23,Online,NONE
ORD200308,12/11/2023,C75888,Printer,3,448.90,1346.70,Debit Card,SAVE10
ORD200309,10/3/2023,C63153,Chair,4,549.76,2199.04,Debit Card,FREESHIP
ORD200310,2/24/2024,C85863,Printer,3,132.48,397.44,Online,NONE
ORD200311,5/17/2025,C71698,Desk,5,489.37,2446.85,Online,NONE
ORD200312,5/24/2025,C35397,Printer,5,66.31,331.55,Gift Card,FREESHIP
ORD200313,7/9/2023,C67687,Chair,2,434.30,868.60,Cash,SAVE10
ORD200314,10/4/2023,C29931,Desk,4,153.09,612.36,Online,FREESHIP
ORD200315,5/12/2025,C59139,Tablet,5,91.67,458.35,Online,FREESHIP
ORD200316,10/2/2023,C66078,Desk,4,275.28,1101.12,Gift Card,WINTER15
ORD200317,4/10/2023,C88370,Monitor,2,139.95,279.90,Online,NONE
ORD200318,7/27/2024,C93375,Chair,3,148.72,446.16,Debit Card,SAVE10
ORD200319,12/2/2023,C53049,Laptop,2,563.06,1126.12,Cash,NONE
ORD200320,12/19/2024,C55590,Printer,1,625.51,625.51,Credit Card,FREESHIP
ORD200321,8/9/2023,C47086,Phone,4,152.29,609.16,Debit Card,WINTER15
ORD200322,6/14/2024,C48646,Phone,5,231.82,1159.10,Debit Card,SAVE10
ORD200323,1/26/2025,C29416,Laptop,1,150.17,150.17,Debit Card,SAVE10
ORD200324,6/13/2024,C13525,Tablet,3,70.93,212.79,Debit Card,NONE
ORD200325,6/29/2023,C53545,Desk,3,361.39,1084.17,Credit Card,NONE
ORD200326,7/1/2024,C65986,Laptop,5,670.48,3352.40,Gift Card,SAVE10
ORD200327,7/25/2023,C17302,Phone,1,359.99,359.99,Gift Card,SAVE10
ORD200328,2/28/2023,C18404,Tablet,5,674.04,3370.20,Online,SAVE10
ORD200329,12/25/2024,C88371,Chair,4,283.16,1132.64,Credit Card,NONE
ORD200330,6/2/2024,C38068,Desk,5,260.53,1302.65,Gift Card,SAVE10
ORD200331,4/15/2023,C78724,Printer,3,422.13,1266.39,Online,SAVE10
ORD200332,7/3/2024,C26163,Desk,5,125.02,625.10,Debit Card,SAVE10
ORD200333,4/16/2024,C87124,Phone,1,198.51,198.51,Credit Card,WINTER15
ORD200334,3/26/2024,C90348,Chair,4,224.75,899.00,Online,WINTER15
ORD200335,3/3/2025,C58721,Tablet,3,205.86,617.58,Gift Card,NONE
ORD200336,12/29/2023,C88174,Laptop,1,18.20,18.20,Debit Card,SAVE10
ORD200337,5/29/2023,C77763,Tablet,3,502.77,1508.31,Debit Card,WINTER15
ORD200338,11/8/2023,C53627,Phone,5,305.49,1527.45,Debit Card,NONE
ORD200339,4/10/2024,C84563,Printer,2,236.33,472.66,Online,SAVE10
ORD200340,4/23/2023,C76207,Laptop,5,521.25,2606.25,Cash,NONE
ORD200341,9/23/2024,C94671,Tablet,1,167.15,167.15,Gift Card,WINTER15
ORD200342,6/24/2025,C69994,Monitor,5,466.42,2332.10,Gift Card,NONE
ORD200343,2/26/2023,C64638,Printer,1,527.57,527.57,Debit Card,FREESHIP
ORD200344,3/6/2025,C95623,Tablet,3,623.34,1870.02,Online,SAVE10
ORD200345,12/7/2023,C24751,Tablet,5,501.26,2506.30,Gift Card,FREESHIP
ORD200346,12/6/2024,C31764,Tablet,1,655.09,655.09,Cash,NONE
ORD200347,2/3/2024,C83556,Printer,4,264.79,1059.16,Credit Card,SAVE10
ORD200348,3/13/2024,C24369,Laptop,3,359.73,1079.19,Debit Card,FREESHIP
ORD200349,11/30/2023,C39648,Chair,1,465.33,465.33,Gift Card,FREESHIP
ORD200350,6/3/2023,C13296,Chair,2,54.41,108.82,Online,NONE
ORD200351,2/15/2025,C94248,Laptop,1,64.66,64.66,Debit Card,NONE
ORD200352,8/31/2023,C26637,Chair,5,173.96,869.80,Debit Card,WINTER15
ORD200353,3/28/2025,C16012,Tablet,1,630.82,630.82,Online,FREESHIP
ORD200354,7/11/2023,C31772,Phone,1,693.41,693.41,Debit Card,NONE
ORD200355,6/3/2025,C18353,Tablet,3,433.33,1299.99,Credit Card,FREESHIP
ORD200356,5/6/2023,C26966,Printer,5,374.58,1872.90,Gift Card,FREESHIP
ORD200357,7/8/2023,C74982,Laptop,5,408.56,2042.80,Debit Card,FREESHIP
ORD200358,4/7/2024,C70633,Tablet,2,183.67,367.34,Online,SAVE10
ORD200359,6/9/2023,C95643,Desk,4,606.57,2426.28,Debit Card,WINTER15
ORD200360,6/6/2024,C53810,Phone,4,589.57,2358.28,Cash,NONE
ORD200361,6/29/2024,C53464,Printer,5,659.85,3299.25,Credit Card,SAVE10
ORD200362,6/27/2023,C53697,Monitor,4,206.84,827.36,Cash,WINTER15
ORD200363,5/24/2024,C31668,Laptop,5,113.87,569.35,Credit Card,SAVE10
ORD200364,11/24/2023,C85282,Phone,5,628.74,3143.70,Cash,FREESHIP
ORD200365,2/14/2025,C56796,Phone,1,678.38,678.38,Credit Card,SAVE10
ORD200366,2/10/2023,C95213,Printer,3,602.24,1806.72,Debit Card,NONE
ORD200367,4/25/2024,C13108,Laptop,5,658.77,3293.85,Gift Card,FREESHIP
ORD200368,5/1/2023,C85322,Monitor,3,271.02,813.06,Credit Card,NONE
ORD200369,12/22/2024,C43545,Monitor,5,375.25,1876.25,Gift Card,SAVE10
ORD200370,5/3/2025,C80649,Phone,1,312.11,312.11,Online,WINTER15
ORD200371,1/5/2023,C59752,Phone,5,307.76,1538.80,Gift Card,FREESHIP
ORD200372,2/14/2025,C53645,Chair,3,483.53,1450.59,Cash,NONE
ORD200373,1/2/2023,C60178,Laptop,3,341.15,1023.45,Cash,FREESHIP
ORD200374,9/16/2024,C20286,Monitor,1,571.90,571.90,Gift Card,WINTER15
ORD200375,1/16/2025,C87547,Monitor,4,95.03,380.12,Online,FREESHIP
ORD200376,8/24/2023,C64549,Monitor,5,201.22,1006.10,Debit Card,FREESHIP
ORD200377,7/22/2024,C24884,Monitor,1,260.26,260.26,Online,WINTER15
ORD200378,2/1/2024,C62666,Chair,5,64.50,322.50,Credit Card,WINTER15
ORD200379,9/21/2024,C47284,Phone,3,297.67,893.01,Online,NONE
ORD200380,4/20/2024,C35355,Printer,4,331.90,1327.60,Cash,SAVE10
ORD200381,6/7/2023,C29467,Chair,1,191.76,191.76,Credit Card,FREESHIP
ORD200382,1/30/2025,C26718,Printer,4,263.09,1052.36,Debit Card,SAVE10
ORD200383,1/20/2023,C18944,Chair,4,393.80,1575.20,Credit Card,SAVE10
ORD200384,11/24/2024,C35628,Chair,3,553.57,1660.71,Credit Card,FREESHIP
ORD200385,10/31/2023,C56851,Chair,5,191.63,958.15,Gift Card,FREESHIP
ORD200386,4/28/2023,C12421,Tablet,1,93.02,93.02,Online,NONE
ORD200387,6/27/2024,C25316,Printer,2,39.53,79.06,Credit Card,WINTER15
ORD200388,12/28/2023,C22657,Printer,3,633.97,1901.91,Cash,WINTER15
ORD200389,12/17/2023,C29703,Desk,4,697.50,2790.00,Cash,FREESHIP
ORD200390,7/14/2023,C55996,Printer,5,508.69,2543.45,Cash,FREESHIP
ORD200391,1/16/2025,C60037,Laptop,2,527.46,1054.92,Debit Card,FREESHIP
ORD200392,2/28/2024,C95100,Phone,1,627.20,627.20,Online,WINTER15
ORD200393,7/14/2024,C39906,Printer,1,75.01,75.01,Credit Card,NONE
ORD200394,7/5/2023,C70148,Desk,5,529.55,2647.75,Gift Card,NONE
ORD200395,4/25/2025,C30010,Phone,3,127.41,382.23,Gift Card,SAVE10
ORD200396,12/1/2023,C99217,Tablet,5,287.13,1435.65,Online,SAVE10
ORD200397,9/28/2023,C30184,Monitor,1,427.06,427.06,Online,WINTER15
ORD200398,9/4/2024,C50275,Phone,5,53.93,269.65,Gift Card,SAVE10
ORD200399,1/7/2024,C64641,Tablet,5,423.93,2119.65,Debit Card,FREESHIP
ORD200400,9/28/2024,C56266,Desk,4,160.22,640.88,Debit Card,WINTER15
ORD200401,4/9/2025,C98635,Printer,1,538.68,538.68,Debit Card,NONE
ORD200402,4/9/2023,C83026,Printer,5,337.38,1686.90,Gift Card,NONE
ORD200403,11/10/2024,C28893,Tablet,1,620.21,620.21,Online,FREESHIP
ORD200404,3/9/2023,C45482,Monitor,2,99.10,198.20,Cash,NONE
ORD200405,1/26/2025,C97774,Monitor,4,451.97,1807.88,Online,WINTER15
ORD200406,12/10/2023,C11657,Tablet,4,66.10,264.40,Cash,WINTER15
ORD200407,8/13/2023,C85993,Tablet,4,547.32,2189.28,Cash,FREESHIP
ORD200408,1/1/2025,C11906,Printer,3,412.53,1237.59,Online,WINTER15
ORD200409,6/28/2023,C45187,Desk,5,84.13,420.65,Online,SAVE10
ORD200410,1/18/2024,C37375,Tablet,2,518.23,1036.46,Debit Card,NONE
ORD200411,6/19/2024,C66567,Desk,2,39.51,79.02,Online,NONE
ORD200412,4/11/2025,C42451,Tablet,5,133.01,665.05,Credit Card,NONE
ORD200413,10/8/2023,C13923,Tablet,1,118.80,118.80,Online,SAVE10
ORD200414,5/4/2025,C11829,Desk,2,139.57,279.14,Cash,WINTER15
ORD200415,4/6/2025,C62169,Chair,1,184.15,184.15,Gift Card,FREESHIP
ORD200416,7/18/2023,C20881,Laptop,2,644.05,1288.10,Gift Card,WINTER15
ORD200417,10/24/2023,C44492,Laptop,5,55.41,277.05,Online,NONE
ORD200418,1/11/2023,C74169,Printer,1,310.93,310.93,Online,NONE
ORD200419,4/17/2024,C70999,Tablet,2,216.66,433.32,Debit Card,FREESHIP
ORD200420,11/29/2024,C11921,Phone,1,452.70,452.70,Debit Card,FREESHIP
ORD200421,10/15/2023,C50683,Chair,2,288.21,576.42,Debit Card,NONE
ORD200422,6/5/2023,C76140,Phone,4,206.60,826.40,Gift Card,WINTER15
ORD200423,7/20/2024,C94311,Printer,4,685.20,2740.80,Gift Card,WINTER15
ORD200424,4/12/2023,C49491,Chair,5,22.94,114.70,Cash,NONE
ORD200425,3/9/2023,C40648,Laptop,2,301.88,603.76,Gift Card,WINTER15
ORD200426,3/16/2025,C40967,Monitor,5,57.45,287.25,Cash,NONE
ORD200427,12/18/2024,C25406,Desk,1,161.24,161.24,Credit Card,WINTER15
ORD200428,11/26/2024,C77085,Chair,4,262.58,1050.32,Online,WINTER15
ORD200429,12/19/2024,C38126,Printer,4,515.19,2060.76,Credit Card,SAVE10
ORD200430,6/7/2023,C87448,Phone,1,450.07,450.07,Gift Card,FREESHIP
ORD200431,10/6/2024,C62312,Printer,1,52.54,52.54,Debit Card,WINTER15
ORD200432,9/4/2023,C58443,Tablet,2,424.32,848.64,Credit Card,NONE
ORD200433,8/26/2023,C36613,Monitor,3,631.64,1894.92,Credit Card,FREESHIP
ORD200434,10/22/2023,C73893,Printer,5,327.68,1638.40,Credit Card,NONE
ORD200435,5/27/2023,C48601,Printer,1,414.47,414.47,Debit Card,FREESHIP
ORD200436,2/11/2023,C14568,Laptop,4,221.33,885.32,Online,NONE
ORD200437,4/18/2024,C63378,Phone,1,512.39,512.39,Online,FREESHIP
ORD200438,1/3/2025,C77800,Tablet,3,459.34,1378.02,Gift Card,SAVE10
ORD200439,9/8/2024,C91155,Tablet,1,146.32,146.32,Online,WINTER15
ORD200440,11/5/2024,C60215,Desk,4,83.60,334.40,Debit Card,SAVE10
ORD200441,12/13/2023,C52915,Printer,2,328.54,657.08,Gift Card,FREESHIP
ORD200442,5/6/2024,C72588,Chair,5,314.94,1574.70,Cash,SAVE10
ORD200443,5/14/2024,C61668,Chair,2,69.64,139.28,Cash,NONE
ORD200444,6/8/2024,C79508,Printer,1,135.17,135.17,Online,FREESHIP
ORD200445,3/23/2024,C94569,Phone,1,487.21,487.21,Cash,SAVE10
ORD200446,10/18/2023,C89592,Laptop,5,509.58,2547.90,Online,FREESHIP
ORD200447,4/7/2024,C48207,Printer,2,416.81,833.62,Cash,NONE
ORD200448,9/4/2023,C16776,Laptop,2,160.00,320.00,Cash,SAVE10
ORD200449,8/26/2024,C91518,Tablet,3,253.05,759.15,Online,NONE
ORD200450,1/15/2024,C36408,Monitor,5,615.10,3075.50,Gift Card,WINTER15
ORD200451,4/1/2023,C14837,Monitor,1,183.18,183.18,Debit Card,SAVE10
ORD200452,7/23/2023,C36467,Printer,1,75.78,75.78,Cash,SAVE10
ORD200453,5/2/2025,C15017,Tablet,1,675.57,675.57,Cash,WINTER15
ORD200454,11/27/2024,C54759,Laptop,1,109.29,109.29,Debit Card,FREESHIP
ORD200455,3/26/2024,C58341,Phone,1,639.83,639.83,Debit Card,SAVE10
ORD200456,6/26/2023,C94479,Desk,5,62.81,314.05,Credit Card,SAVE10
ORD200457,5/25/2025,C50236,Desk,4,615.83,2463.32,Online,WINTER15
ORD200458,7/2/2024,C31412,Monitor,4,510.58,2042.32,Credit Card,WINTER15
ORD200459,7/24/2024,C90142,Desk,1,334.39,334.39,Credit Card,NONE
ORD200460,10/6/2024,C83548,Laptop,1,144.25,144.25,Cash,WINTER15
ORD200461,6/8/2024,C29697,Tablet,1,401.82,401.82,Credit Card,FREESHIP
ORD200462,3/31/2025,C22991,Phone,1,252.68,252.68,Online,NONE
ORD200463,5/26/2023,C25276,Laptop,5,662.78,3313.90,Debit Card,SAVE10
ORD200464,3/14/2023,C39176,Tablet,4,434.42,1737.68,Online,FREESHIP
ORD200465,2/26/2024,C58773,Printer,5,513.49,2567.45,Gift Card,NONE
ORD200466,7/18/2023,C37412,Phone,1,432.47,432.47,Cash,FREESHIP
ORD200467,8/30/2024,C36492,Desk,1,45.94,45.94,Cash,WINTER15
ORD200468,6/21/2025,C90110,Phone,1,418.36,418.36,Credit Card,FREESHIP
ORD200469,11/26/2023,C13877,Chair,5,676.98,3384.90,Cash,NONE
ORD200470,9/29/2023,C25149,Tablet,4,263.62,1054.48,Cash,SAVE10
ORD200471,4/19/2025,C52717,Desk,5,551.27,2756.35,Online,FREESHIP
ORD200472,1/6/2023,C60029,Chair,3,508.12,1524.36,Credit Card,FREESHIP
ORD200473,2/25/2025,C28552,Chair,2,14.93,29.86,Online,NONE
ORD200474,11/15/2023,C72293,Printer,3,229.34,688.02,Credit Card,SAVE10
ORD200475,4/19/2025,C29844,Tablet,2,438.62,877.24,Cash,SAVE10
ORD200476,1/15/2024,C77872,Phone,2,513.59,1027.18,Online,FREESHIP
ORD200477,3/5/2025,C56564,Phone,2,253.74,507.48,Online,SAVE10
ORD200478,11/1/2024,C16758,Tablet,3,62.77,188.31,Gift Card,FREESHIP
ORD200479,2/18/2023,C87011,Monitor,4,25.29,101.16,Credit Card,NONE
ORD200480,6/16/2023,C21147,Chair,1,335.10,335.10,Debit Card,FREESHIP
ORD200481,4/23/2023,C94568,Laptop,4,484.85,1939.40,Debit Card,WINTER15
ORD200482,3/2/2025,C35852,Monitor,3,381.41,1144.23,Online,NONE
ORD200483,1/18/2023,C66462,Phone,5,347.92,1739.60,Cash,WINTER15
ORD200484,5/29/2024,C29092,Chair,4,15.01,60.04,Cash,NONE
ORD200485,8/1/2023,C46651,Chair,3,404.79,1214.37,Cash,SAVE10
ORD200486,2/3/2023,C88981,Printer,4,611.26,2445.04,Cash,SAVE10
ORD200487,3/9/2023,C40136,Printer,3,346.52,1039.56,Credit Card,SAVE10
ORD200488,12/5/2024,C81573,Chair,1,36.65,36.65,Online,WINTER15
ORD200489,9/5/2023,C11940,Tablet,3,149.34,448.02,Gift Card,WINTER15
ORD200490,7/22/2024,C50097,Chair,5,467.81,2339.05,Online,NONE
ORD200491,1/5/2023,C98168,Phone,5,420.70,2103.50,Cash,WINTER15
ORD200492,10/25/2023,C39074,Laptop,5,606.52,3032.60,Debit Card,SAVE10
ORD200493,1/28/2025,C84908,Phone,1,420.26,420.26,Credit Card,FREESHIP
ORD200494,7/19/2023,C64516,Laptop,3,505.79,1517.37,Debit Card,FREESHIP
ORD200495,6/5/2025,C63827,Phone,4,493.73,1974.92,Debit Card,SAVE10
ORD200496,3/14/2025,C93618,Printer,3,201.21,603.63,Online,SAVE10
ORD200497,10/24/2024,C93948,Printer,3,112.29,336.87,Gift Card,NONE
ORD200498,7/12/2023,C73961,Tablet,4,132.56,530.24,Cash,WINTER15
ORD200499,4/6/2023,C18138,Printer,3,539.46,1618.38,Credit Card,SAVE10
ORD200500,4/7/2024,C79475,Laptop,5,508.59,2542.95,Cash,WINTER15
ORD200501,2/4/2024,C88546,Desk,4,203.46,813.84,Credit Card,SAVE10
ORD200502,5/20/2023,C69332,Monitor,3,565.25,1695.75,Debit Card,SAVE10
ORD200503,8/31/2023,C64554,Tablet,3,136.84,410.52,Online,FREESHIP
ORD200504,6/11/2025,C11676,Monitor,2,464.50,929.00,Online,WINTER15
ORD200505,6/11/2023,C36014,Printer,2,434.97,869.94,Online,NONE
ORD200506,7/25/2023,C23279,Monitor,2,43.67,87.34,Cash,WINTER15
ORD200507,7/5/2023,C86481,Phone,1,171.59,171.59,Credit Card,WINTER15
ORD200508,5/14/2025,C39550,Phone,1,558.27,558.27,Online,NONE
ORD200509,2/15/2023,C68937,Laptop,2,425.03,850.06,Cash,WINTER15
ORD200510,12/16/2024,C72533,Printer,1,376.76,376.76,Debit Card,SAVE10
ORD200511,3/15/2024,C11415,Monitor,5,575.24,2876.20,Cash,WINTER15
ORD200512,9/27/2024,C14114,Desk,3,568.02,1704.06,Online,FREESHIP
ORD200513,2/9/2025,C64128,Tablet,3,94.88,284.64,Gift Card,NONE
ORD200514,4/16/2023,C15629,Printer,3,304.15,912.45,Gift Card,WINTER15
ORD200515,3/14/2023,C67561,Phone,3,553.52,1660.56,Gift Card,FREESHIP
ORD200516,4/7/2024,C47022,Monitor,3,166.99,500.97,Cash,NONE
ORD200517,4/9/2024,C55205,Tablet,4,198.35,793.40,Cash,FREESHIP
ORD200518,6/13/2025,C30686,Printer,4,403.58,1614.32,Online,SAVE10
ORD200519,5/10/2025,C71797,Laptop,4,464.29,1857.16,Debit Card,SAVE10
ORD200520,3/10/2023,C66332,Monitor,3,635.98,1907.94,Cash,NONE
ORD200521,2/25/2024,C82318,Phone,1,528.06,528.06,Credit Card,NONE
ORD200522,4/20/2024,C66254,Chair,1,515.32,515.32,Gift Card,FREESHIP
ORD200523,2/18/2025,C65083,Desk,4,657.79,2631.16,Credit Card,WINTER15
ORD200524,10/25/2023,C44778,Phone,1,153.00,153.00,Credit Card,NONE
ORD200525,12/3/2023,C54499,Monitor,1,668.48,668.48,Debit Card,SAVE10
ORD200526,2/29/2024,C91201,Desk,2,46.50,93.00,Cash,WINTER15
ORD200527,8/19/2024,C27202,Chair,5,653.47,3267.35,Credit Card,SAVE10
ORD200528,2/26/2025,C32011,Chair,1,628.89,628.89,Credit Card,SAVE10
ORD200529,4/7/2024,C21181,Tablet,2,675.10,1350.20,Cash,FREESHIP
ORD200530,7/18/2024,C98450,Chair,4,89.41,357.64,Online,NONE
ORD200531,7/2/2024,C64502,Desk,5,320.01,1600.05,Gift Card,NONE
ORD200532,5/3/2025,C47365,Laptop,2,41.00,82.00,Online,NONE
ORD200533,3/5/2023,C66349,Desk,1,565.85,565.85,Gift Card,FREESHIP
ORD200534,6/6/2024,C73289,Chair,3,648.59,1945.77,Debit Card,SAVE10
ORD200535,7/24/2024,C48649,Monitor,3,68.12,204.36,Online,FREESHIP
ORD200536,6/9/2024,C18724,Chair,1,616.10,616.10,Cash,NONE
ORD200537,3/23/2025,C68553,Tablet,3,247.47,742.41,Online,SAVE10
ORD200538,5/24/2024,C61280,Phone,3,490.74,1472.22,Cash,WINTER15
ORD200539,2/18/2025,C53277,Desk,3,531.72,1595.16,Gift Card,SAVE10
ORD200540,1/29/2024,C87281,Laptop,5,648.65,3243.25,Online,NONE
ORD200541,8/7/2023,C69009,Printer,5,456.06,2280.30,Cash,NONE
ORD200542,11/14/2023,C49726,Tablet,1,17.98,17.98,Cash,FREESHIP
ORD200543,3/9/2024,C37531,Desk,5,269.86,1349.30,Cash,WINTER15
ORD200544,3/10/2024,C48713,Printer,5,31.96,159.80,Credit Card,FREESHIP
ORD200545,12/19/2023,C74138,Monitor,2,98.47,196.94,Cash,NONE
ORD200546,3/1/2024,C82399,Monitor,1,158.68,158.68,Credit Card,WINTER15
ORD200547,8/20/2023,C40427,Phone,1,613.98,613.98,Online,FREESHIP
ORD200548,1/5/2024,C17103,Printer,3,426.12,1278.36,Online,WINTER15
ORD200549,2/25/2025,C34266,Monitor,4,629.88,2519.52,Debit Card,WINTER15
ORD200550,10/29/2023,C97485,Laptop,4,228.91,915.64,Cash,FREESHIP
ORD200551,5/18/2023,C23947,Laptop,1,120.98,120.98,Debit Card,WINTER15
ORD200552,9/30/2023,C21665,Chair,4,425.18,1700.72,Online,WINTER15
ORD200553,8/23/2023,C82550,Phone,2,333.83,667.66,Gift Card,FREESHIP
ORD200554,5/30/2025,C61943,Laptop,2,492.90,985.80,Cash,FREESHIP
ORD200555,1/7/2023,C88933,Tablet,1,92.04,92.04,Cash,NONE
ORD200556,1/28/2023,C30923,Laptop,1,654.27,654.27,Gift Card,SAVE10
ORD200557,6/29/2023,C56969,Tablet,1,56.20,56.20,Debit Card,WINTER15
ORD200558,7/16/2024,C76766,Phone,4,628.12,2512.48,Online,WINTER15
ORD200559,4/15/2024,C22981,Desk,3,157.40,472.20,Debit Card,WINTER15
ORD200560,1/31/2023,C33634,Monitor,4,588.85,2355.40,Gift Card,NONE
ORD200561,1/31/2023,C96822,Printer,2,494.78,989.56,Online,NONE
ORD200562,10/6/2023,C76675,Laptop,3,663.93,1991.79,Gift Card,FREESHIP
ORD200563,12/12/2023,C12039,Laptop,1,132.68,132.68,Debit Card,SAVE10
ORD200564,4/8/2025,C93309,Desk,5,364.28,1821.40,Credit Card,WINTER15
ORD200565,5/14/2023,C62042,Tablet,5,307.98,1539.90,Online,NONE
ORD200566,4/18/2024,C83223,Phone,4,162.71,650.84,Cash,FREESHIP
ORD200567,9/30/2024,C92575,Chair,5,492.94,2464.70,Cash,FREESHIP
ORD200568,3/10/2023,C29072,Laptop,2,343.99,687.98,Online,NONE
ORD200569,3/22/2025,C25783,Desk,5,250.68,1253.40,Cash,SAVE10
ORD200570,12/27/2024,C63727,Desk,2,362.14,724.28,Debit Card,SAVE10
ORD200571,11/23/2024,C42365,Tablet,1,214.08,214.08,Gift Card,WINTER15
ORD200572,11/11/2023,C27438,Printer,1,70.32,70.32,Cash,WINTER15
ORD200573,1/25/2023,C13205,Chair,5,421.42,2107.10,Debit Card,NONE
ORD200574,1/24/2024,C29685,Chair,5,384.69,1923.45,Credit Card,FREESHIP
ORD200575,6/7/2023,C74005,Chair,5,448.15,2240.75,Gift Card,SAVE10
ORD200576,5/29/2024,C14457,Laptop,5,79.08,395.40,Cash,NONE
ORD200577,1/22/2023,C77046,Tablet,4,185.41,741.64,Online,WINTER15
ORD200578,10/10/2024,C50415,Monitor,5,566.07,2830.35,Credit Card,SAVE10
ORD200579,6/4/2023,C73999,Tablet,2,187.88,375.76,Online,WINTER15
ORD200580,11/14/2023,C71076,Monitor,2,255.99,511.98,Credit Card,SAVE10
ORD200581,11/11/2024,C44674,Laptop,1,627.34,627.34,Online,NONE
ORD200582,2/19/2024,C15228,Tablet,3,474.14,1422.42,Gift Card,WINTER15
ORD200583,6/15/2025,C27072,Chair,3,154.37,463.11,Gift Card,NONE
ORD200584,3/21/2025,C15257,Chair,4,145.05,580.20,Online,SAVE10
ORD200585,8/20/2023,C91486,Tablet,4,67.08,268.32,Cash,WINTER15
ORD200586,11/10/2024,C17389,Monitor,1,522.08,522.08,Gift Card,FREESHIP
ORD200587,6/12/2023,C18820,Monitor,5,514.60,2573.00,Gift Card,FREESHIP
ORD200588,12/10/2024,C61849,Monitor,4,577.82,2311.28,Credit Card,NONE
ORD200589,2/10/2025,C84041,Laptop,2,500.80,1001.60,Cash,FREESHIP
ORD200590,9/10/2023,C55757,Printer,2,461.13,922.26,Gift Card,NONE
ORD200591,11/18/2024,C18187,Laptop,1,605.28,605.28,Gift Card,FREESHIP
ORD200592,4/23/2024,C42306,Phone,3,204.27,612.81,Online,NONE
ORD200593,8/2/2023,C51024,Monitor,1,489.80,489.80,Gift Card,FREESHIP
ORD200594,2/21/2024,C40140,Phone,5,72.64,363.20,Credit Card,NONE
ORD200595,1/10/2025,C72596,Printer,2,385.16,770.32,Online,SAVE10
ORD200596,6/12/2023,C91805,Desk,3,606.41,1819.23,Debit Card,FREESHIP
ORD200597,11/25/2024,C40538,Desk,2,211.82,423.64,Gift Card,WINTER15
ORD200598,4/26/2024,C60329,Desk,5,495.35,2476.75,Credit Card,NONE
ORD200599,6/30/2023,C28740,Chair,3,556.99,1670.97,Online,FREESHIP
ORD200600,5/26/2023,C87051,Printer,1,72.31,72.31,Gift Card,FREESHIP
ORD200601,10/2/2023,C12479,Monitor,5,24.82,124.10,Credit Card,NONE
ORD200602,3/5/2024,C35852,Tablet,4,26.04,104.16,Online,SAVE10
ORD200603,10/4/2024,C26223,Tablet,1,657.07,657.07,Cash,SAVE10
ORD200604,6/22/2025,C99214,Chair,3,32.62,97.86,Debit Card,NONE
ORD200605,5/10/2024,C49605,Monitor,2,228.91,457.82,Debit Card,SAVE10
ORD200606,11/6/2024,C85018,Laptop,3,274.75,824.25,Cash,SAVE10
ORD200607,5/31/2025,C96434,Printer,4,634.05,2536.20,Cash,SAVE10
ORD200608,7/24/2024,C32956,Laptop,5,543.16,2715.80,Online,SAVE10
ORD200609,1/27/2025,C41137,Chair,3,449.13,1347.39,Cash,WINTER15
ORD200610,6/16/2024,C60361,Desk,5,389.62,1948.10,Cash,FREESHIP
ORD200611,4/21/2023,C36688,Desk,1,305.17,305.17,Gift Card,WINTER15
ORD200612,6/2/2023,C51811,Chair,3,445.12,1335.36,Gift Card,NONE
ORD200613,12/19/2024,C62405,Laptop,2,230.36,460.72,Online,WINTER15
ORD200614,3/8/2024,C77363,Phone,1,96.81,96.81,Gift Card,NONE
ORD200615,3/7/2025,C97218,Monitor,5,460.14,2300.70,Credit Card,WINTER15
ORD200616,10/17/2024,C43919,Tablet,3,601.60,1804.80,Credit Card,SAVE10
ORD200617,2/8/2024,C57093,Tablet,3,184.47,553.41,Online,NONE
ORD200618,9/3/2024,C50565,Tablet,1,411.34,411.34,Debit Card,NONE
ORD200619,7/16/2024,C38845,Laptop,1,532.89,532.89,Gift Card,NONE
ORD200620,3/27/2024,C84834,Tablet,3,136.34,409.02,Debit Card,SAVE10
ORD200621,10/22/2023,C37455,Phone,5,476.01,2380.05,Credit Card,WINTER15
ORD200622,11/2/2024,C27078,Desk,5,236.38,1181.90,Credit Card,NONE
ORD200623,6/16/2023,C91941,Printer,3,396.00,1188.00,Gift Card,FREESHIP
ORD200624,1/16/2024,C25967,Tablet,5,341.96,1709.80,Debit Card,NONE
ORD200625,9/24/2023,C22123,Tablet,1,672.89,672.89,Credit Card,WINTER15
ORD200626,3/1/2024,C45671,Tablet,2,657.48,1314.96,Online,SAVE10
ORD200627,8/6/2023,C53334,Chair,3,498.68,1496.04,Online,FREESHIP
ORD200628,3/26/2023,C18717,Printer,5,558.63,2793.15,Cash,FREESHIP
ORD200629,7/7/2023,C50137,Phone,3,19.73,59.19,Online,NONE
ORD200630,6/23/2023,C51481,Monitor,5,248.84,1244.20,Debit Card,NONE
ORD200631,8/31/2024,C99128,Chair,3,46.11,138.33,Gift Card,WINTER15
ORD200632,5/2/2023,C67260,Laptop,5,678.16,3390.80,Gift Card,WINTER15
ORD200633,4/10/2024,C79533,Laptop,5,601.72,3008.60,Gift Card,WINTER15
ORD200634,4/25/2024,C66906,Printer,2,259.32,518.64,Gift Card,WINTER15
ORD200635,12/13/2023,C12818,Chair,3,63.68,191.04,Cash,NONE
ORD200636,10/5/2023,C60384,Laptop,4,371.07,1484.28,Cash,WINTER15
ORD200637,9/29/2024,C92294,Chair,4,306.35,1225.40,Gift Card,WINTER15
ORD200638,10/15/2023,C66840,Tablet,4,578.27,2313.08,Online,WINTER15
ORD200639,1/20/2023,C22534,Chair,1,529.19,529.19,Cash,NONE
ORD200640,2/27/2024,C46509,Chair,2,587.49,1174.98,Gift Card,SAVE10
ORD200641,6/30/2024,C71680,Printer,4,567.57,2270.28,Debit Card,WINTER15
ORD200642,4/29/2024,C15063,Chair,5,85.22,426.10,Credit Card,FREESHIP
ORD200643,8/26/2024,C77122,Laptop,1,438.37,438.37,Cash,SAVE10
ORD200644,11/15/2023,C86524,Chair,2,366.23,732.46,Cash,WINTER15
ORD200645,1/2/2023,C82990,Laptop,2,150.05,300.10,Credit Card,SAVE10
ORD200646,10/27/2023,C98761,Chair,4,498.51,1994.04,Debit Card,SAVE10
ORD200647,4/24/2025,C54409,Desk,3,339.39,1018.17,Cash,FREESHIP
ORD200648,1/18/2025,C89674,Monitor,2,575.83,1151.66,Online,WINTER15
ORD200649,12/23/2023,C45899,Monitor,2,642.98,1285.96,Debit Card,FREESHIP
ORD200650,5/18/2023,C74499,Desk,2,372.23,744.46,Gift Card,SAVE10
ORD200651,11/12/2024,C81192,Chair,3,646.34,1939.02,Debit Card,NONE
ORD200652,6/5/2024,C71473,Chair,5,341.84,1709.20,Online,FREESHIP
ORD200653,2/25/2024,C59338,Printer,3,690.30,2070.90,Credit Card,WINTER15
ORD200654,6/12/2023,C62661,Tablet,3,382.37,1147.11,Debit Card,NONE
ORD200655,3/14/2023,C22101,Chair,2,132.60,265.20,Debit Card,WINTER15
ORD200656,1/18/2024,C51404,Monitor,2,189.06,378.12,Gift Card,SAVE10
ORD200657,12/24/2023,C19384,Tablet,4,87.79,351.16,Cash,FREESHIP
ORD200658,4/18/2025,C86864,Printer,2,46.36,92.72,Gift Card,SAVE10
ORD200659,10/26/2024,C24301,Phone,2,642.04,1284.08,Gift Card,WINTER15
ORD200660,10/19/2024,C43842,Chair,2,651.57,1303.14,Debit Card,WINTER15
ORD200661,2/28/2025,C63657,Tablet,3,424.89,1274.67,Debit Card,FREESHIP
ORD200662,1/28/2023,C98332,Laptop,3,438.89,1316.67,Cash,NONE
ORD200663,4/15/2024,C59774,Monitor,1,72.60,72.60,Debit Card,FREESHIP
ORD200664,12/19/2024,C14847,Laptop,4,194.75,779.00,Cash,NONE
ORD200665,5/2/2023,C83653,Tablet,4,231.26,925.04,Online,WINTER15
ORD200666,8/31/2024,C35711,Monitor,4,327.12,1308.48,Credit Card,NONE
ORD200667,5/3/2023,C10477,Laptop,1,466.42,466.42,Gift Card,SAVE10
ORD200668,7/5/2024,C61257,Monitor,2,253.67,507.34,Cash,WINTER15
ORD200669,2/5/2023,C60547,Desk,1,257.00,257.00,Debit Card,NONE
ORD200670,4/18/2024,C14576,Desk,4,539.20,2156.80,Credit Card,FREESHIP
ORD200671,6/15/2023,C49282,Chair,5,50.74,253.70,Gift Card,WINTER15
ORD200672,5/9/2023,C14017,Phone,2,624.16,1248.32,Debit Card,SAVE10
ORD200673,2/21/2023,C46504,Tablet,2,372.92,745.84,Credit Card,SAVE10
ORD200674,1/9/2024,C56928,Laptop,4,358.75,1435.00,Gift Card,SAVE10
ORD200675,8/6/2024,C97749,Desk,3,342.02,1026.06,Debit Card,NONE
ORD200676,6/23/2025,C90431,Laptop,2,422.34,844.68,Credit Card,FREESHIP
ORD200677,4/3/2025,C56722,Tablet,5,22.07,110.35,Online,FREESHIP
ORD200678,11/24/2024,C40863,Chair,3,163.13,489.39,Gift Card,WINTER15
ORD200679,2/2/2023,C40798,Tablet,3,360.66,1081.98,Online,FREESHIP
ORD200680,8/27/2023,C16702,Monitor,3,463.39,1390.17,Credit Card,NONE
ORD200681,1/30/2024,C38262,Tablet,1,155.27,155.27,Debit Card,NONE
ORD200682,7/23/2023,C50274,Monitor,3,509.42,1528.26,Credit Card,FREESHIP
ORD200683,5/18/2025,C91591,Desk,4,652.48,2609.92,Cash,FREESHIP
ORD200684,9/22/2024,C96583,Printer,4,34.84,139.36,Credit Card,NONE
ORD200685,2/7/2025,C64579,Desk,1,234.37,234.37,Debit Card,FREESHIP
ORD200686,10/9/2023,C41903,Desk,3,53.60,160.80,Cash,WINTER15
ORD200687,9/13/2023,C19742,Tablet,1,332.09,332.09,Gift Card,FREESHIP
ORD200688,3/6/2024,C20077,Monitor,4,593.22,2372.88,Credit Card,WINTER15
ORD200689,8/29/2023,C13186,Tablet,2,444.84,889.68,Online,NONE
ORD200690,7/12/2024,C29318,Monitor,1,24.48,24.48,Gift Card,NONE
ORD200691,11/24/2024,C36137,Laptop,3,239.08,717.24,Cash,NONE
ORD200692,1/23/2023,C25534,Desk,5,196.84,984.20,Credit Card,WINTER15
ORD200693,3/12/2025,C62070,Monitor,1,176.58,176.58,Debit Card,NONE
ORD200694,10/2/2023,C92049,Printer,4,666.52,2666.08,Cash,FREESHIP
ORD200695,11/23/2024,C52604,Printer,5,101.30,506.50,Online,FREESHIP
ORD200696,7/2/2023,C22429,Chair,4,151.20,604.80,Gift Card,WINTER15
ORD200697,2/4/2025,C27430,Printer,5,94.85,474.25,Cash,WINTER15
ORD200698,1/4/2023,C44366,Laptop,2,388.22,776.44,Cash,WINTER15
ORD200699,11/13/2023,C36813,Laptop,3,614.15,1842.45,Gift Card,NONE
ORD200700,9/25/2024,C40201,Laptop,2,92.91,185.82,Cash,WINTER15
ORD200701,6/23/2024,C75456,Monitor,3,92.22,276.66,Credit Card,FREESHIP
ORD200702,6/9/2024,C33315,Printer,3,562.55,1687.65,Debit Card,NONE
ORD200703,3/22/2023,C89336,Desk,1,92.79,92.79,Cash,WINTER15
ORD200704,6/3/2023,C96034,Desk,4,30.27,121.08,Online,FREESHIP
ORD200705,3/30/2025,C50114,Monitor,2,49.08,98.16,Debit Card,FREESHIP
ORD200706,3/2/2025,C85330,Desk,5,228.09,1140.45,Gift Card,FREESHIP
ORD200707,11/1/2024,C31761,Chair,4,650.04,2600.16,Gift Card,SAVE10
ORD200708,3/4/2025,C25268,Printer,1,665.11,665.11,Cash,FREESHIP
ORD200709,12/7/2024,C17132,Desk,1,386.03,386.03,Online,FREESHIP
ORD200710,7/22/2024,C48790,Laptop,5,21.54,107.70,Gift Card,NONE
ORD200711,7/4/2024,C61070,Tablet,2,475.78,951.56,Online,WINTER15
ORD200712,1/9/2024,C56969,Tablet,2,68.40,136.80,Gift Card,FREESHIP
ORD200713,6/21/2025,C65056,Tablet,4,532.49,2129.96,Online,SAVE10
ORD200714,4/21/2023,C84888,Laptop,1,51.73,51.73,Debit Card,FREESHIP
ORD200715,7/26/2024,C68266,Printer,3,653.63,1960.89,Online,FREESHIP
ORD200716,6/13/2024,C84115,Chair,3,454.29,1362.87,Credit Card,WINTER15
ORD200717,10/16/2023,C50087,Chair,3,122.11,366.33,Online,WINTER15
ORD200718,4/8/2023,C16790,Laptop,4,64.74,258.96,Gift Card,SAVE10
ORD200719,1/21/2024,C46920,Laptop,2,681.06,1362.12,Debit Card,FREESHIP
ORD200720,9/21/2023,C12740,Desk,5,128.95,644.75,Cash,FREESHIP
ORD200721,3/18/2024,C46557,Desk,2,118.59,237.18,Credit Card,NONE
ORD200722,11/15/2024,C58156,Printer,1,95.10,95.10,Gift Card,WINTER15
ORD200723,12/9/2023,C14455,Desk,3,54.95,164.85,Cash,SAVE10
ORD200724,10/18/2024,C63150,Printer,3,136.97,410.91,Credit Card,FREESHIP
ORD200725,3/12/2023,C95269,Chair,2,194.85,389.70,Gift Card,NONE
ORD200726,10/25/2024,C18105,Laptop,4,583.02,2332.08,Online,FREESHIP
ORD200727,9/29/2024,C29063,Chair,5,95.75,478.75,Online,SAVE10
ORD200728,7/29/2024,C10154,Desk,4,325.76,1303.04,Gift Card,WINTER15
ORD200729,9/8/2023,C36997,Phone,4,186.41,745.64,Gift Card,SAVE10
ORD200730,2/22/2025,C77357,Phone,1,474.60,474.60,Debit Card,SAVE10
ORD200731,6/7/2024,C71310,Printer,5,584.46,2922.30,Credit Card,NONE
ORD200732,3/7/2025,C80987,Laptop,1,132.05,132.05,Online,NONE
ORD200733,12/4/2023,C90757,Tablet,4,494.84,1979.36,Cash,SAVE10
ORD200734,1/23/2024,C51898,Printer,4,224.61,898.44,Credit Card,WINTER15
ORD200735,6/28/2024,C94508,Monitor,4,44.07,176.28,Debit Card,NONE
ORD200736,2/9/2024,C59441,Monitor,5,418.53,2092.65,Credit Card,FREESHIP
ORD200737,1/3/2024,C91029,Phone,4,532.87,2131.48,Cash,FREESHIP
ORD200738,6/4/2025,C96261,Phone,2,485.37,970.74,Credit Card,SAVE10
ORD200739,6/13/2024,C35123,Phone,4,386.73,1546.92,Cash,SAVE10
ORD200740,7/20/2024,C10892,Desk,2,377.47,754.94,Cash,NONE
ORD200741,1/23/2025,C99683,Monitor,5,332.64,1663.20,Gift Card,NONE
ORD200742,11/30/2024,C41974,Laptop,3,699.93,2099.79,Cash,SAVE10
ORD200743,9/30/2024,C23978,Monitor,1,576.35,576.35,Gift Card,WINTER15
ORD200744,6/12/2024,C10642,Tablet,2,461.37,922.74,Cash,SAVE10
ORD200745,3/2/2023,C73813,Printer,4,111.30,445.20,Debit Card,FREESHIP
ORD200746,2/24/2025,C32183,Desk,3,661.89,1985.67,Online,WINTER15
ORD200747,3/12/2025,C54277,Tablet,2,259.58,519.16,Debit Card,FREESHIP
ORD200748,7/15/2024,C56553,Tablet,3,70.81,212.43,Credit Card,FREESHIP
ORD200749,4/13/2025,C17551,Laptop,1,518.39,518.39,Debit Card,FREESHIP
ORD200750,1/14/2023,C14737,Tablet,4,145.41,581.64,Credit Card,FREESHIP
ORD200751,1/24/2023,C35168,Tablet,2,599.86,1199.72,Gift Card,FREESHIP
ORD200752,10/3/2024,C82217,Phone,4,429.37,1717.48,Credit Card,FREESHIP
ORD200753,4/24/2024,C42270,Phone,2,241.49,482.98,Debit Card,FREESHIP
ORD200754,5/31/2025,C48846,Printer,2,452.05,904.10,Credit Card,WINTER15
ORD200755,6/13/2023,C54160,Desk,3,336.71,1010.13,Credit Card,NONE
ORD200756,6/27/2024,C14080,Phone,1,283.69,283.69,Gift Card,NONE
ORD200757,2/22/2024,C81074,Desk,1,157.72,157.72,Debit Card,FREESHIP
ORD200758,3/26/2023,C69021,Tablet,3,624.84,1874.52,Credit Card,WINTER15
ORD200759,7/24/2023,C96283,Desk,3,308.01,924.03,Cash,FREESHIP
ORD200760,2/18/2025,C96636,Desk,1,39.56,39.56,Debit Card,NONE
ORD200761,6/2/2023,C37235,Desk,4,37.76,151.04,Debit Card,NONE
ORD200762,9/17/2024,C12444,Phone,3,76.96,230.88,Cash,FREESHIP
ORD200763,4/6/2023,C79142,Laptop,1,569.96,569.96,Online,FREESHIP
ORD200764,3/10/2024,C35983,Laptop,5,627.43,3137.15,Credit Card,FREESHIP
ORD200765,10/6/2023,C36150,Laptop,2,534.91,1069.82,Debit Card,SAVE10
ORD200766,1/22/2023,C91454,Printer,2,278.88,557.76,Debit Card,FREESHIP
ORD200767,4/18/2025,C19368,Tablet,2,323.22,646.44,Credit Card,NONE
ORD200768,9/4/2023,C35987,Tablet,5,653.46,3267.30,Cash,WINTER15
ORD200769,7/6/2023,C13366,Printer,4,678.55,2714.20,Cash,NONE
ORD200770,2/11/2024,C72166,Desk,1,314.38,314.38,Online,NONE
ORD200771,6/12/2024,C20357,Phone,3,692.44,2077.32,Debit Card,FREESHIP
ORD200772,7/28/2024,C33802,Monitor,1,604.87,604.87,Online,NONE
ORD200773,6/28/2025,C99205,Phone,2,512.33,1024.66,Cash,NONE
ORD200774,4/15/2025,C29701,Chair,3,20.54,61.62,Credit Card,FREESHIP
ORD200775,3/4/2023,C73941,Phone,2,625.22,1250.44,Online,NONE
ORD200776,8/21/2023,C69168,Tablet,1,21.19,21.19,Cash,WINTER15
ORD200777,3/21/2025,C66116,Chair,5,64.49,322.45,Online,NONE
ORD200778,4/28/2023,C85059,Laptop,4,246.85,987.40,Credit Card,WINTER15
ORD200779,12/1/2023,C18076,Phone,3,588.74,1766.22,Debit Card,FREESHIP
ORD200780,3/31/2024,C41284,Laptop,4,184.48,737.92,Online,WINTER15
ORD200781,1/10/2024,C43524,Phone,5,524.26,2621.30,Gift Card,FREESHIP
ORD200782,8/11/2024,C58063,Monitor,2,493.63,987.26,Online,SAVE10
ORD200783,5/26/2025,C19937,Printer,1,438.34,438.34,Gift Card,FREESHIP
ORD200784,5/16/2025,C21191,Laptop,1,325.81,325.81,Credit Card,WINTER15
ORD200785,7/29/2023,C45862,Chair,1,176.10,176.10,Credit Card,SAVE10
ORD200786,8/23/2023,C39130,Chair,5,45.31,226.55,Online,NONE
ORD200787,3/17/2024,C18167,Desk,4,221.96,887.84,Cash,NONE
ORD200788,11/2/2023,C47307,Chair,2,601.43,1202.86,Online,FREESHIP
ORD200789,8/17/2023,C57276,Tablet,5,691.28,3456.40,Online,SAVE10
ORD200790,9/14/2024,C38928,Laptop,4,417.89,1671.56,Gift Card,NONE
ORD200791,1/13/2024,C49710,Chair,4,409.28,1637.12,Cash,NONE
ORD200792,6/16/2023,C41709,Desk,2,356.35,712.70,Debit Card,WINTER15
ORD200793,4/15/2024,C91255,Chair,5,170.22,851.10,Debit Card,NONE
ORD200794,3/9/2023,C76653,Printer,4,384.85,1539.40,Online,FREESHIP
ORD200795,11/20/2024,C95667,Laptop,4,115.77,463.08,Online,SAVE10
ORD200796,4/29/2025,C33313,Phone,3,579.55,1738.65,Gift Card,WINTER15
ORD200797,2/27/2023,C36825,Laptop,2,438.76,877.52,Debit Card,NONE
ORD200798,5/19/2025,C20861,Phone,5,488.35,2441.75,Debit Card,FREESHIP
ORD200799,4/16/2023,C26364,Laptop,4,328.56,1314.24,Debit Card,FREESHIP
ORD200800,3/28/2025,C34686,Tablet,1,68.39,68.39,Online,WINTER15
ORD200801,5/3/2023,C97593,Printer,4,595.62,2382.48,Debit Card,FREESHIP
ORD200802,2/17/2024,C84331,Chair,5,644.64,3223.20,Gift Card,FREESHIP
ORD200803,8/20/2023,C88775,Monitor,5,397.81,1989.05,Debit Card,SAVE10
ORD200804,1/1/2024,C76362,Chair,3,236.50,709.50,Online,FREESHIP
ORD200805,10/15/2024,C59278,Laptop,5,472.01,2360.05,Gift Card,SAVE10
ORD200806,9/1/2023,C55819,Chair,5,253.75,1268.75,Online,WINTER15
ORD200807,11/10/2024,C82344,Monitor,3,676.21,2028.63,Online,SAVE10
ORD200808,2/13/2024,C65565,Desk,3,134.05,402.15,Credit Card,NONE
ORD200809,4/9/2024,C80416,Desk,5,217.43,1087.15,Debit Card,SAVE10
ORD200810,5/31/2023,C23637,Tablet,1,553.56,553.56,Credit Card,NONE
ORD200811,11/5/2023,C24769,Laptop,2,28.55,57.10,Gift Card,SAVE10
ORD200812,1/26/2024,C81547,Phone,2,255.26,510.52,Credit Card,FREESHIP
ORD200813,3/15/2025,C12813,Laptop,5,292.54,1462.70,Debit Card,FREESHIP
ORD200814,12/11/2024,C50732,Chair,4,147.51,590.04,Debit Card,WINTER15
ORD200815,8/4/2024,C41320,Printer,3,569.84,1709.52,Gift Card,WINTER15
ORD200816,2/21/2024,C55286,Tablet,5,574.79,2873.95,Credit Card,WINTER15
ORD200817,10/5/2023,C87994,Chair,4,598.19,2392.76,Credit Card,WINTER15
ORD200818,3/2/2023,C25580,Phone,4,390.84,1563.36,Credit Card,WINTER15
ORD200819,9/28/2024,C66196,Phone,2,398.45,796.90,Debit Card,SAVE10
ORD200820,5/27/2023,C35377,Phone,5,623.81,3119.05,Cash,FREESHIP
ORD200821,12/14/2024,C40771,Laptop,4,174.49,697.96,Credit Card,SAVE10
ORD200822,3/15/2025,C20624,Phone,1,479.56,479.56,Gift Card,SAVE10
ORD200823,10/7/2024,C27070,Laptop,4,653.13,2612.52,Credit Card,WINTER15
ORD200824,8/29/2023,C18826,Monitor,3,481.10,1443.30,Credit Card,FREESHIP
ORD200825,3/26/2025,C23899,Desk,5,271.69,1358.45,Online,FREESHIP
ORD200826,3/8/2025,C43249,Printer,3,463.81,1391.43,Online,WINTER15
ORD200827,5/25/2023,C95856,Tablet,2,639.88,1279.76,Cash,WINTER15
ORD200828,7/24/2024,C86266,Chair,4,404.58,1618.32,Cash,FREESHIP
ORD200829,2/5/2023,C39551,Monitor,1,76.93,76.93,Debit Card,WINTER15
ORD200830,12/11/2024,C90310,Tablet,4,190.64,762.56,Cash,SAVE10
ORD200831,12/18/2023,C20124,Printer,2,88.73,177.46,Online,NONE
ORD200832,3/12/2024,C63372,Chair,5,485.71,2428.55,Online,SAVE10
ORD200833,3/14/2025,C90595,Phone,5,78.29,391.45,Credit Card,WINTER15
ORD200834,4/11/2024,C98483,Printer,5,22.14,110.70,Cash,NONE
ORD200835,3/26/2024,C16429,Desk,1,679.65,679.65,Debit Card,FREESHIP
ORD200836,2/2/2023,C31810,Phone,1,178.44,178.44,Credit Card,FREESHIP
ORD200837,6/14/2025,C88029,Chair,5,655.55,3277.75,Online,NONE
ORD200838,4/11/2024,C57798,Desk,4,577.08,2308.32,Online,NONE
ORD200839,8/24/2023,C82858,Chair,3,197.97,593.91,Online,NONE
ORD200840,1/14/2024,C60699,Chair,3,411.95,1235.85,Credit Card,FREESHIP
ORD200841,9/19/2024,C94658,Printer,2,443.22,886.44,Credit Card,NONE
ORD200842,5/7/2025,C78305,Laptop,3,364.14,1092.42,Online,WINTER15
ORD200843,5/13/2025,C43538,Desk,3,430.06,1290.18,Gift Card,FREESHIP
ORD200844,12/4/2024,C47486,Chair,1,320.92,320.92,Online,FREESHIP
ORD200845,10/8/2023,C24212,Phone,3,107.36,322.08,Gift Card,FREESHIP
ORD200846,7/4/2024,C24765,Desk,2,359.86,719.72,Debit Card,NONE
ORD200847,11/18/2024,C48176,Printer,4,434.23,1736.92,Online,FREESHIP
ORD200848,1/1/2023,C54675,Chair,2,645.85,1291.70,Online,NONE
ORD200849,6/9/2025,C16675,Printer,4,214.35,857.40,Debit Card,WINTER15
ORD200850,4/27/2025,C38557,Monitor,3,638.50,1915.50,Debit Card,FREESHIP
ORD200851,12/12/2023,C80183,Laptop,1,365.57,365.57,Online,SAVE10
ORD200852,10/24/2024,C39530,Desk,3,568.05,1704.15,Gift Card,SAVE10
ORD200853,10/16/2023,C10002,Printer,3,490.01,1470.03,Cash,SAVE10
ORD200854,6/13/2025,C56938,Laptop,3,372.60,1117.80,Credit Card,WINTER15
ORD200855,5/25/2023,C41331,Monitor,5,240.61,1203.05,Credit Card,FREESHIP
ORD200856,6/3/2024,C94698,Phone,1,586.62,586.62,Debit Card,NONE
ORD200857,3/10/2024,C56506,Phone,3,257.84,773.52,Online,NONE
ORD200858,8/20/2023,C22167,Tablet,5,435.66,2178.30,Online,NONE
ORD200859,8/28/2024,C11127,Chair,5,261.33,1306.65,Credit Card,SAVE10
ORD200860,1/23/2024,C69542,Printer,1,422.54,422.54,Cash,SAVE10
ORD200861,3/19/2023,C93276,Desk,5,330.45,1652.25,Gift Card,FREESHIP
ORD200862,12/2/2023,C37969,Desk,3,120.82,362.46,Credit Card,SAVE10
ORD200863,5/20/2024,C98276,Phone,1,14.06,14.06,Credit Card,SAVE10
ORD200864,5/3/2023,C14240,Desk,1,491.11,491.11,Credit Card,SAVE10
ORD200865,4/30/2023,C72241,Monitor,4,677.37,2709.48,Cash,SAVE10
ORD200866,7/26/2024,C39664,Desk,5,189.25,946.25,Debit Card,WINTER15
ORD200867,5/26/2024,C53252,Printer,4,142.58,570.32,Cash,FREESHIP
ORD200868,6/29/2024,C70452,Monitor,4,316.32,1265.28,Debit Card,NONE
ORD200869,3/17/2024,C29905,Desk,2,533.95,1067.90,Online,WINTER15
ORD200870,6/1/2025,C78725,Phone,4,470.09,1880.36,Debit Card,FREESHIP
ORD200871,5/16/2024,C93768,Tablet,3,324.30,972.90,Debit Card,FREESHIP
ORD200872,7/10/2023,C59169,Chair,4,629.34,2517.36,Cash,NONE
ORD200873,5/12/2024,C53488,Desk,3,136.84,410.52,Cash,SAVE10
ORD200874,10/31/2023,C92180,Chair,2,488.90,977.80,Cash,FREESHIP
ORD200875,8/3/2023,C25918,Laptop,5,133.39,666.95,Credit Card,FREESHIP
ORD200876,6/9/2024,C90363,Chair,5,608.91,3044.55,Gift Card,SAVE10
ORD200877,7/25/2024,C43867,Tablet,1,524.06,524.06,Debit Card,FREESHIP
ORD200878,6/1/2023,C73873,Desk,2,330.69,661.38,Online,SAVE10
ORD200879,4/8/2025,C56622,Phone,2,547.67,1095.34,Gift Card,NONE
ORD200880,3/12/2025,C85074,Laptop,4,233.70,934.80,Online,SAVE10
ORD200881,1/3/2023,C59579,Tablet,2,448.85,897.70,Credit Card,NONE
ORD200882,6/28/2025,C43335,Phone,2,274.12,548.24,Cash,FREESHIP
ORD200883,5/13/2025,C43595,Printer,5,561.48,2807.40,Online,FREESHIP
ORD200884,5/15/2024,C71471,Chair,1,595.54,595.54,Gift Card,NONE
ORD200885,4/7/2024,C61090,Laptop,4,515.59,2062.36,Credit Card,FREESHIP
ORD200886,10/25/2023,C29620,Phone,1,460.13,460.13,Credit Card,NONE
ORD200887,12/19/2024,C67932,Chair,3,171.66,514.98,Debit Card,NONE
ORD200888,7/23/2024,C14427,Laptop,2,266.95,533.90,Credit Card,NONE
ORD200889,10/27/2024,C36725,Monitor,5,650.72,3253.60,Credit Card,WINTER15
ORD200890,8/11/2023,C51921,Laptop,3,439.53,1318.59,Debit Card,NONE
ORD200891,11/11/2023,C36534,Monitor,3,654.54,1963.62,Cash,SAVE10
ORD200892,6/4/2024,C72043,Desk,1,394.53,394.53,Cash,FREESHIP
ORD200893,3/21/2023,C99533,Monitor,1,678.01,678.01,Cash,FREESHIP
ORD200894,5/23/2023,C90852,Tablet,3,575.01,1725.03,Online,WINTER15
ORD200895,11/9/2023,C81882,Chair,3,154.64,463.92,Debit Card,WINTER15
ORD200896,10/18/2024,C85466,Desk,3,147.29,441.87,Gift Card,FREESHIP
ORD200897,9/3/2024,C87995,Laptop,4,481.48,1925.92,Gift Card,SAVE10
ORD200898,3/5/2025,C44619,Monitor,3,158.37,475.11,Cash,NONE
ORD200899,4/23/2025,C99904,Printer,2,323.37,646.74,Online,SAVE10
ORD200900,2/7/2025,C52342,Laptop,5,73.83,369.15,Debit Card,NONE
ORD200901,4/28/2024,C44277,Tablet,1,458.63,458.63,Debit Card,WINTER15
ORD200902,7/13/2024,C61162,Monitor,4,180.25,721.00,Debit Card,NONE
ORD200903,5/17/2023,C80868,Monitor,3,473.49,1420.47,Credit Card,NONE
ORD200904,2/5/2025,C16693,Monitor,4,237.43,949.72,Cash,WINTER15
ORD200905,11/23/2023,C67818,Laptop,1,442.39,442.39,Gift Card,FREESHIP
ORD200906,9/3/2024,C49938,Monitor,1,62.12,62.12,Cash,NONE
ORD200907,8/4/2024,C90898,Desk,5,298.39,1491.95,Gift Card,WINTER15
ORD200908,5/6/2025,C35117,Desk,2,697.93,1395.86,Credit Card,SAVE10
ORD200909,5/27/2024,C60203,Tablet,2,291.85,583.70,Cash,FREESHIP
ORD200910,5/31/2024,C36174,Printer,3,308.98,926.94,Cash,SAVE10
ORD200911,8/13/2024,C80872,Desk,5,396.86,1984.30,Cash,SAVE10
ORD200912,1/22/2024,C67604,Desk,2,139.69,279.38,Online,FREESHIP
ORD200913,2/16/2023,C45599,Printer,5,475.95,2379.75,Credit Card,WINTER15
ORD200914,2/10/2025,C70352,Desk,1,626.60,626.60,Gift Card,WINTER15
ORD200915,2/16/2024,C20643,Laptop,4,502.99,2011.96,Debit Card,WINTER15
ORD200916,6/21/2024,C35669,Printer,5,578.83,2894.15,Cash,NONE
ORD200917,1/20/2025,C65524,Laptop,5,383.82,1919.10,Credit Card,FREESHIP
ORD200918,6/24/2025,C74359,Laptop,5,368.25,1841.25,Online,NONE
ORD200919,2/7/2025,C92086,Printer,2,374.60,749.20,Online,FREESHIP
ORD200920,3/12/2025,C26137,Tablet,2,428.09,856.18,Credit Card,NONE
ORD200921,7/24/2023,C90573,Tablet,1,438.93,438.93,Gift Card,SAVE10
ORD200922,6/17/2024,C81857,Desk,2,563.82,1127.64,Credit Card,NONE
ORD200923,2/11/2023,C91582,Printer,3,649.93,1949.79,Credit Card,WINTER15
ORD200924,3/22/2025,C81319,Printer,5,268.43,1342.15,Cash,SAVE10
ORD200925,12/20/2024,C78500,Monitor,5,502.47,2512.35,Online,WINTER15
ORD200926,3/20/2024,C67533,Desk,1,26.95,26.95,Cash,WINTER15
ORD200927,2/14/2023,C35566,Laptop,4,64.69,258.76,Debit Card,WINTER15
ORD200928,5/9/2024,C77166,Laptop,3,247.11,741.33,Debit Card,WINTER15
ORD200929,10/16/2024,C67936,Tablet,2,536.25,1072.50,Debit Card,NONE
ORD200930,12/16/2024,C59554,Phone,2,456.04,912.08,Debit Card,FREESHIP
ORD200931,1/1/2024,C14005,Printer,2,40.23,80.46,Credit Card,SAVE10
ORD200932,3/26/2023,C26118,Laptop,2,72.39,144.78,Online,WINTER15
ORD200933,1/26/2023,C59685,Monitor,2,394.16,788.32,Online,NONE
ORD200934,6/1/2025,C40304,Laptop,4,119.84,479.36,Gift Card,FREESHIP
ORD200935,11/24/2023,C39593,Phone,3,692.71,2078.13,Credit Card,FREESHIP
ORD200936,1/12/2024,C50612,Chair,4,56.66,226.64,Online,SAVE10
ORD200937,1/16/2024,C39791,Chair,2,298.53,597.06,Debit Card,WINTER15
ORD200938,7/12/2023,C39017,Chair,3,331.46,994.38,Credit Card,WINTER15
ORD200939,4/16/2025,C48510,Laptop,2,521.40,1042.80,Cash,SAVE10
ORD200940,3/27/2023,C74003,Printer,4,305.32,1221.28,Online,SAVE10
ORD200941,7/17/2023,C91155,Printer,5,111.70,558.50,Credit Card,FREESHIP
ORD200942,9/29/2023,C17591,Tablet,1,479.76,479.76,Credit Card,NONE
ORD200943,12/27/2023,C43330,Monitor,3,193.49,580.47,Gift Card,FREESHIP
ORD200944,12/16/2024,C32687,Laptop,2,426.22,852.44,Online,WINTER15
ORD200945,8/20/2023,C79722,Tablet,5,276.44,1382.20,Gift Card,FREESHIP
ORD200946,5/4/2024,C65021,Phone,2,404.96,809.92,Cash,SAVE10
ORD200947,9/7/2023,C85520,Phone,4,465.66,1862.64,Online,FREESHIP
ORD200948,6/21/2024,C94569,Phone,2,594.07,1188.14,Gift Card,NONE
ORD200949,11/9/2023,C55778,Desk,5,110.38,551.90,Cash,NONE
ORD200950,5/31/2024,C19722,Laptop,1,596.24,596.24,Credit Card,FREESHIP
ORD200951,7/22/2024,C74928,Printer,2,306.24,612.48,Online,FREESHIP
ORD200952,2/27/2025,C49111,Monitor,3,503.39,1510.17,Online,NONE
ORD200953,2/6/2023,C43721,Phone,1,131.61,131.61,Cash,FREESHIP
ORD200954,10/22/2024,C68609,Chair,3,443.44,1330.32,Gift Card,FREESHIP
ORD200955,1/23/2023,C82068,Chair,1,408.13,408.13,Gift Card,WINTER15
ORD200956,4/11/2024,C21191,Phone,2,160.98,321.96,Debit Card,SAVE10
ORD200957,1/12/2023,C73575,Monitor,5,643.89,3219.45,Cash,WINTER15
ORD200958,5/13/2023,C82685,Desk,3,158.66,475.98,Gift Card,WINTER15
ORD200959,4/13/2024,C73996,Tablet,2,143.82,287.64,Credit Card,SAVE10
ORD200960,12/11/2023,C87687,Laptop,3,379.07,1137.21,Gift Card,WINTER15
ORD200961,11/11/2024,C55464,Phone,1,601.36,601.36,Online,NONE
ORD200962,9/6/2024,C12459,Phone,2,142.08,284.16,Gift Card,SAVE10
ORD200963,3/11/2024,C88075,Chair,5,530.34,2651.70,Online,FREESHIP
ORD200964,8/20/2023,C18583,Phone,5,364.42,1822.10,Credit Card,SAVE10
ORD200965,6/18/2025,C70412,Laptop,4,578.28,2313.12,Gift Card,FREESHIP
ORD200966,5/20/2025,C58503,Monitor,5,280.52,1402.60,Credit Card,WINTER15
ORD200967,5/6/2025,C52879,Tablet,5,638.92,3194.60,Credit Card,FREESHIP
ORD200968,2/8/2024,C67870,Monitor,4,412.20,1648.80,Credit Card,WINTER15
ORD200969,6/5/2025,C19439,Desk,1,440.34,440.34,Gift Card,WINTER15
ORD200970,9/7/2024,C72664,Desk,1,627.15,627.15,Cash,SAVE10
ORD200971,5/27/2024,C32650,Monitor,2,605.26,1210.52,Cash,WINTER15
ORD200972,6/9/2024,C66438,Laptop,1,90.27,90.27,Cash,SAVE10
ORD200973,6/9/2025,C70010,Desk,5,230.77,1153.85,Online,WINTER15
ORD200974,9/27/2023,C30722,Desk,5,266.78,1333.90,Gift Card,NONE
ORD200975,5/18/2023,C70529,Desk,1,105.92,105.92,Gift Card,SAVE10
ORD200976,4/4/2024,C18984,Tablet,3,589.30,1767.90,Credit Card,WINTER15
ORD200977,1/28/2023,C85841,Chair,4,649.47,2597.88,Cash,SAVE10
ORD200978,6/25/2024,C41508,Printer,4,107.49,429.96,Cash,NONE
ORD200979,5/31/2023,C75018,Monitor,3,669.06,2007.18,Cash,SAVE10
ORD200980,10/14/2023,C84320,Chair,3,69.65,208.95,Cash,WINTER15
ORD200981,11/26/2023,C12609,Phone,4,136.83,547.32,Debit Card,SAVE10
ORD200982,9/6/2024,C64935,Monitor,1,304.11,304.11,Gift Card,SAVE10
ORD200983,11/24/2024,C67528,Monitor,4,296.28,1185.12,Gift Card,SAVE10
ORD200984,2/28/2025,C44176,Desk,1,77.64,77.64,Credit Card,FREESHIP
ORD200985,7/20/2024,C92788,Desk,1,243.71,243.71,Gift Card,SAVE10
ORD200986,9/7/2024,C69213,Laptop,4,644.96,2579.84,Credit Card,FREESHIP
ORD200987,6/5/2025,C67387,Phone,5,283.73,1418.65,Gift Card,FREESHIP
ORD200988,2/4/2025,C90318,Desk,2,629.56,1259.12,Gift Card,WINTER15
ORD200989,3/23/2023,C49995,Laptop,4,246.11,984.44,Credit Card,SAVE10
ORD200990,11/19/2023,C52313,Phone,2,418.26,836.52,Debit Card,SAVE10
ORD200991,5/9/2024,C10211,Desk,5,127.18,635.90,Debit Card,FREESHIP
ORD200992,8/27/2024,C97907,Printer,3,586.21,1758.63,Gift Card,WINTER15
ORD200993,4/6/2024,C61384,Monitor,3,267.45,802.35,Gift Card,WINTER15
ORD200994,6/27/2024,C27613,Tablet,4,615.65,2462.60,Debit Card,WINTER15
ORD200995,11/18/2023,C99271,Monitor,2,113.29,226.58,Cash,SAVE10
ORD200996,4/28/2024,C28648,Monitor,4,473.86,1895.44,Debit Card,SAVE10
ORD200997,11/27/2023,C26210,Laptop,3,444.75,1334.25,Cash,SAVE10
ORD200998,5/19/2023,C90350,Phone,2,183.67,367.34,Debit Card,SAVE10
ORD200999,12/24/2023,C61957,Printer,1,483.38,483.38,Cash,FREESHIP
ORD201000,6/21/2023,C90132,Printer,5,260.93,1304.65,Online,SAVE10
ORD201001,12/8/2023,C31371,Printer,2,253.68,507.36,Gift Card,NONE
ORD201002,6/19/2025,C83911,Tablet,4,699.88,2799.52,Cash,WINTER15
ORD201003,1/11/2023,C84700,Printer,5,319.97,1599.85,Cash,SAVE10
ORD201004,6/9/2025,C87529,Chair,4,246.91,987.64,Online,SAVE10
ORD201005,3/2/2023,C38065,Printer,3,392.85,1178.55,Credit Card,NONE
ORD201006,5/27/2024,C27435,Tablet,5,420.98,2104.90,Cash,SAVE10
ORD201007,3/20/2024,C46651,Monitor,2,73.26,146.52,Cash,WINTER15
ORD201008,1/13/2023,C62557,Monitor,3,410.88,1232.64,Cash,FREESHIP
ORD201009,9/2/2023,C54494,Tablet,2,176.46,352.92,Credit Card,FREESHIP
ORD201010,3/31/2023,C33729,Monitor,3,659.57,1978.71,Credit Card,SAVE10
ORD201011,12/3/2024,C47823,Phone,2,478.36,956.72,Online,NONE
ORD201012,12/3/2024,C84570,Printer,4,30.05,120.20,Online,NONE
ORD201013,4/26/2025,C91123,Laptop,4,300.56,1202.24,Cash,FREESHIP
ORD201014,2/4/2024,C92548,Tablet,5,226.45,1132.25,Debit Card,FREESHIP
ORD201015,1/26/2024,C97454,Printer,2,349.40,698.80,Online,SAVE10
ORD201016,12/29/2023,C20257,Tablet,5,268.78,1343.90,Debit Card,WINTER15
ORD201017,8/25/2024,C51694,Chair,2,680.85,1361.70,Gift Card,FREESHIP
ORD201018,7/8/2023,C77499,Laptop,3,182.48,547.44,Cash,NONE
ORD201019,4/6/2024,C28386,Desk,1,277.09,277.09,Cash,SAVE10
ORD201020,4/22/2024,C50211,Tablet,2,26.50,53.00,Online,SAVE10
ORD201021,10/23/2023,C74519,Phone,3,315.27,945.81,Credit Card,SAVE10
ORD201022,2/24/2025,C19071,Tablet,3,450.98,1352.94,Credit Card,SAVE10
ORD201023,9/23/2024,C65251,Laptop,5,233.67,1168.35,Cash,NONE
ORD201024,1/29/2024,C90612,Chair,3,367.75,1103.25,Cash,FREESHIP
ORD201025,5/17/2025,C28406,Chair,1,23.53,23.53,Gift Card,FREESHIP
ORD201026,5/1/2023,C55454,Monitor,1,677.48,677.48,Online,WINTER15
ORD201027,5/21/2024,C93467,Laptop,4,554.83,2219.32,Cash,NONE
ORD201028,2/17/2023,C60042,Desk,4,440.31,1761.24,Cash,NONE
ORD201029,3/1/2025,C44733,Desk,1,87.06,87.06,Credit Card,FREESHIP
ORD201030,10/2/2023,C61773,Phone,4,245.28,981.12,Credit Card,WINTER15
ORD201031,2/28/2023,C59183,Phone,5,664.51,3322.55,Debit Card,SAVE10
ORD201032,4/20/2023,C26188,Chair,1,618.68,618.68,Online,WINTER15
ORD201033,12/24/2024,C20338,Monitor,1,370.85,370.85,Gift Card,FREESHIP
ORD201034,6/16/2024,C84524,Printer,4,517.98,2071.92,Cash,FREESHIP
ORD201035,11/12/2023,C70315,Laptop,4,506.11,2024.44,Cash,NONE
ORD201036,5/31/2024,C98278,Phone,3,413.83,1241.49,Gift Card,SAVE10
ORD201037,12/13/2023,C32347,Printer,1,249.81,249.81,Cash,SAVE10
ORD201038,3/15/2025,C77961,Tablet,3,362.53,1087.59,Debit Card,NONE
ORD201039,6/28/2025,C49137,Desk,2,299.23,598.46,Credit Card,WINTER15
ORD201040,11/15/2023,C13169,Tablet,1,536.07,536.07,Debit Card,FREESHIP
ORD201041,2/11/2023,C21167,Monitor,4,558.90,2235.60,Gift Card,WINTER15
ORD201042,12/9/2024,C59724,Tablet,2,409.75,819.50,Debit Card,WINTER15
ORD201043,1/11/2025,C43965,Tablet,2,179.96,359.92,Gift Card,NONE
ORD201044,6/22/2025,C63018,Printer,1,38.49,38.49,Credit Card,FREESHIP
ORD201045,9/20/2024,C11893,Laptop,5,316.40,1582.00,Gift Card,NONE
ORD201046,10/7/2024,C85421,Tablet,3,547.15,1641.45,Online,WINTER15
ORD201047,6/23/2023,C81726,Chair,4,540.34,2161.36,Gift Card,WINTER15
ORD201048,9/9/2024,C57601,Monitor,4,73.65,294.60,Debit Card,NONE
ORD201049,7/18/2024,C60575,Desk,5,391.86,1959.30,Credit Card,NONE
ORD201050,8/20/2023,C70659,Laptop,5,69.70,348.50,Online,NONE
ORD201051,3/5/2025,C35043,Monitor,5,26.43,132.15,Gift Card,FREESHIP
ORD201052,9/11/2023,C12301,Tablet,1,531.74,531.74,Online,WINTER15
ORD201053,9/15/2024,C32798,Phone,2,496.62,993.24,Online,SAVE10
ORD201054,11/29/2023,C42949,Printer,1,660.66,660.66,Debit Card,WINTER15
ORD201055,10/23/2023,C10787,Monitor,4,274.82,1099.28,Debit Card,WINTER15
ORD201056,6/14/2024,C26152,Phone,2,486.35,972.70,Online,SAVE10
ORD201057,9/24/2024,C46210,Laptop,3,428.88,1286.64,Debit Card,WINTER15
ORD201058,9/8/2023,C32943,Desk,2,412.14,824.28,Credit Card,FREESHIP
ORD201059,9/22/2024,C73629,Desk,1,265.64,265.64,Credit Card,WINTER15
ORD201060,5/7/2024,C38024,Tablet,2,273.43,546.86,Cash,WINTER15
ORD201061,1/29/2025,C25445,Laptop,5,131.70,658.50,Cash,FREESHIP
ORD201062,8/23/2023,C13501,Chair,5,85.52,427.60,Gift Card,NONE
ORD201063,6/19/2024,C42108,Desk,2,320.68,641.36,Credit Card,FREESHIP
ORD201064,2/12/2025,C32121,Laptop,4,198.81,795.24,Cash,FREESHIP
ORD201065,10/30/2023,C47778,Printer,5,666.80,3334.00,Debit Card,SAVE10
ORD201066,12/20/2023,C10791,Desk,1,355.09,355.09,Debit Card,SAVE10
ORD201067,6/6/2023,C78959,Phone,2,316.20,632.40,Online,NONE
ORD201068,8/3/2024,C29914,Laptop,1,133.39,133.39,Debit Card,SAVE10
ORD201069,2/25/2023,C70506,Monitor,1,454.23,454.23,Gift Card,NONE
ORD201070,9/6/2024,C46873,Desk,4,491.29,1965.16,Debit Card,NONE
ORD201071,6/24/2025,C94037,Phone,2,255.14,510.28,Cash,NONE
ORD201072,2/26/2023,C88644,Monitor,1,392.61,392.61,Gift Card,SAVE10
ORD201073,10/11/2024,C69471,Tablet,4,362.06,1448.24,Debit Card,NONE
ORD201074,5/10/2024,C21437,Phone,1,222.73,222.73,Online,NONE
ORD201075,8/31/2024,C40949,Monitor,2,552.63,1105.26,Debit Card,WINTER15
ORD201076,5/8/2023,C99116,Laptop,4,686.61,2746.44,Cash,NONE
ORD201077,3/7/2025,C57861,Printer,3,305.16,915.48,Credit Card,SAVE10
ORD201078,3/18/2023,C62627,Desk,1,41.09,41.09,Online,WINTER15
ORD201079,6/20/2024,C89979,Phone,5,634.00,3170.00,Gift Card,NONE
ORD201080,1/20/2023,C70613,Laptop,5,464.74,2323.70,Gift Card,NONE
ORD201081,4/21/2023,C55636,Monitor,4,425.60,1702.40,Credit Card,FREESHIP
ORD201082,10/6/2023,C96595,Chair,3,573.22,1719.66,Debit Card,SAVE10
ORD201083,7/9/2024,C68508,Chair,1,123.28,123.28,Credit Card,SAVE10
ORD201084,1/8/2023,C45175,Phone,1,70.82,70.82,Gift Card,WINTER15
ORD201085,5/21/2023,C28049,Printer,2,646.69,1293.38,Debit Card,WINTER15
ORD201086,12/23/2023,C46967,Tablet,2,513.42,1026.84,Online,WINTER15
ORD201087,3/23/2025,C84134,Laptop,4,693.07,2772.28,Online,SAVE10
ORD201088,11/30/2023,C49831,Desk,3,491.43,1474.29,Gift Card,WINTER15
ORD201089,3/15/2025,C13324,Tablet,2,599.74,1199.48,Gift Card,NONE
ORD201090,2/25/2023,C61225,Monitor,2,650.25,1300.50,Gift Card,NONE
ORD201091,10/8/2024,C16400,Laptop,3,209.48,628.44,Debit Card,NONE
ORD201092,8/21/2023,C38642,Laptop,5,209.20,1046.00,Debit Card,WINTER15
ORD201093,6/9/2023,C86773,Phone,4,197.36,789.44,Gift Card,FREESHIP
ORD201094,6/28/2023,C66093,Printer,4,648.91,2595.64,Credit Card,SAVE10
ORD201095,4/23/2024,C33051,Phone,2,441.54,883.08,Online,SAVE10
ORD201096,5/3/2025,C18169,Tablet,2,464.92,929.84,Debit Card,NONE
ORD201097,12/26/2024,C81370,Monitor,5,506.45,2532.25,Gift Card,WINTER15
ORD201098,6/17/2023,C91103,Monitor,4,255.86,1023.44,Credit Card,NONE
ORD201099,9/19/2024,C21953,Laptop,2,125.23,250.46,Cash,FREESHIP
ORD201100,8/17/2023,C15146,Laptop,5,38.11,190.55,Debit Card,WINTER15
ORD201101,6/8/2025,C43546,Monitor,3,161.97,485.91,Cash,SAVE10
ORD201102,6/3/2024,C98474,Chair,4,347.17,1388.68,Debit Card,NONE
ORD201103,4/24/2023,C90292,Laptop,4,276.32,1105.28,Online,NONE
ORD201104,7/25/2024,C17075,Tablet,4,314.76,1259.04,Online,NONE
ORD201105,1/8/2024,C12487,Tablet,3,475.69,1427.07,Gift Card,FREESHIP
ORD201106,3/12/2023,C34555,Chair,1,372.80,372.80,Cash,SAVE10
ORD201107,6/30/2025,C25110,Tablet,2,63.21,126.42,Online,SAVE10
ORD201108,3/20/2023,C35136,Laptop,1,634.94,634.94,Online,WINTER15
ORD201109,4/8/2024,C62277,Printer,4,77.47,309.88,Gift Card,SAVE10
ORD201110,2/25/2024,C12472,Chair,3,84.31,252.93,Credit Card,SAVE10
ORD201111,5/6/2023,C24047,Monitor,4,234.45,937.80,Online,FREESHIP
ORD201112,10/13/2023,C76929,Desk,1,356.81,356.81,Online,WINTER15
ORD201113,3/19/2023,C52914,Desk,4,209.99,839.96,Cash,NONE
ORD201114,3/16/2023,C55164,Tablet,3,659.88,1979.64,Gift Card,NONE
ORD201115,6/20/2025,C70426,Laptop,2,336.32,672.64,Online,NONE
ORD201116,10/14/2023,C69149,Printer,2,531.49,1062.98,Credit Card,WINTER15
ORD201117,5/20/2024,C78684,Chair,3,588.44,1765.32,Gift Card,WINTER15
ORD201118,5/24/2024,C58168,Phone,3,251.48,754.44,Credit Card,NONE
ORD201119,11/24/2024,C99024,Laptop,1,684.65,684.65,Credit Card,FREESHIP
ORD201120,5/10/2025,C22919,Tablet,1,195.86,195.86,Online,NONE
ORD201121,5/28/2023,C98354,Phone,3,50.34,151.02,Gift Card,FREESHIP
ORD201122,6/7/2023,C38840,Monitor,5,678.19,3390.95,Online,NONE
ORD201123,4/14/2023,C68936,Tablet,3,554.25,1662.75,Debit Card,WINTER15
ORD201124,5/9/2023,C33744,Chair,4,576.87,2307.48,Gift Card,NONE
ORD201125,10/16/2023,C23555,Desk,4,408.36,1633.44,Gift Card,FREESHIP
ORD201126,7/22/2024,C34337,Phone,5,190.11,950.55,Cash,SAVE10
ORD201127,3/15/2025,C69396,Printer,3,602.75,1808.25,Credit Card,SAVE10
ORD201128,8/17/2023,C49198,Monitor,3,646.79,1940.37,Cash,WINTER15
ORD201129,6/11/2023,C43911,Chair,4,418.71,1674.84,Cash,FREESHIP
ORD201130,2/16/2025,C24347,Laptop,2,323.45,646.90,Credit Card,FREESHIP
ORD201131,7/18/2024,C21043,Phone,1,694.50,694.50,Credit Card,WINTER15
ORD201132,12/2/2024,C58858,Chair,2,337.32,674.64,Credit Card,SAVE10
ORD201133,4/9/2024,C20670,Printer,2,467.91,935.82,Gift Card,WINTER15
ORD201134,6/8/2024,C90993,Desk,4,38.28,153.12,Debit Card,WINTER15
ORD201135,12/28/2023,C11473,Printer,2,73.41,146.82,Online,SAVE10
ORD201136,9/24/2023,C71899,Tablet,3,668.33,2004.99,Gift Card,WINTER15
ORD201137,7/29/2024,C48577,Printer,4,410.21,1640.84,Cash,WINTER15
ORD201138,12/18/2023,C13100,Desk,4,294.41,1177.64,Debit Card,NONE
ORD201139,3/1/2025,C70659,Chair,3,501.82,1505.46,Gift Card,FREESHIP
ORD201140,6/24/2024,C49838,Printer,2,552.83,1105.66,Credit Card,NONE
ORD201141,2/16/2025,C11998,Chair,3,498.66,1495.98,Cash,NONE
ORD201142,8/23/2024,C23405,Phone,4,695.10,2780.40,Debit Card,NONE
ORD201143,4/3/2023,C41132,Chair,1,381.61,381.61,Debit Card,NONE
ORD201144,2/16/2023,C88463,Desk,5,507.94,2539.70,Online,NONE
ORD201145,5/12/2025,C28152,Desk,3,571.53,1714.59,Debit Card,FREESHIP
ORD201146,10/3/2024,C36383,Monitor,5,421.44,2107.20,Cash,SAVE10
ORD201147,1/2/2025,C19759,Chair,2,588.30,1176.60,Online,FREESHIP
ORD201148,6/25/2024,C54886,Phone,1,355.15,355.15,Cash,SAVE10
ORD201149,7/25/2024,C27305,Chair,2,695.29,1390.58,Credit Card,FREESHIP
ORD201150,2/20/2023,C17921,Desk,4,302.65,1210.60,Credit Card,SAVE10
ORD201151,1/29/2023,C94381,Chair,2,608.04,1216.08,Cash,NONE
ORD201152,11/9/2023,C25162,Tablet,2,344.18,688.36,Credit Card,NONE
ORD201153,12/16/2024,C98317,Monitor,4,696.71,2786.84,Debit Card,NONE
ORD201154,6/11/2025,C53631,Monitor,3,198.63,595.89,Cash,SAVE10
ORD201155,8/13/2023,C41478,Printer,4,534.57,2138.28,Credit Card,FREESHIP
ORD201156,7/19/2023,C20512,Laptop,4,690.78,2763.12,Credit Card,NONE
ORD201157,5/29/2024,C25841,Monitor,3,301.55,904.65,Debit Card,FREESHIP
ORD201158,4/20/2023,C82781,Monitor,4,27.42,109.68,Debit Card,SAVE10
ORD201159,2/23/2024,C66112,Desk,4,466.70,1866.80,Debit Card,NONE
ORD201160,9/4/2024,C40466,Desk,1,541.64,541.64,Debit Card,SAVE10
ORD201161,10/16/2023,C32570,Phone,1,11.39,11.39,Cash,WINTER15
ORD201162,3/11/2025,C29405,Phone,2,224.37,448.74,Debit Card,WINTER15
ORD201163,6/11/2024,C30643,Laptop,3,306.29,918.87,Credit Card,WINTER15
ORD201164,1/8/2024,C65890,Tablet,5,315.57,1577.85,Debit Card,WINTER15
ORD201165,7/14/2023,C36992,Chair,3,223.79,671.37,Debit Card,NONE
ORD201166,7/31/2023,C95568,Chair,3,324.47,973.41,Cash,WINTER15
ORD201167,10/17/2023,C17966,Printer,2,92.87,185.74,Credit Card,FREESHIP
ORD201168,4/8/2023,C89559,Laptop,2,331.42,662.84,Credit Card,WINTER15
ORD201169,12/23/2024,C15849,Chair,1,525.43,525.43,Cash,SAVE10
ORD201170,8/3/2023,C94257,Printer,2,697.19,1394.38,Cash,FREESHIP
ORD201171,8/28/2023,C39911,Phone,4,518.40,2073.60,Credit Card,SAVE10
ORD201172,2/4/2025,C28828,Desk,3,131.96,395.88,Credit Card,NONE
ORD201173,10/4/2024,C82921,Monitor,1,208.36,208.36,Online,FREESHIP
ORD201174,11/27/2023,C50159,Printer,3,222.34,667.02,Credit Card,WINTER15
ORD201175,9/10/2024,C62512,Printer,3,91.74,275.22,Debit Card,FREESHIP
ORD201176,8/13/2023,C39260,Tablet,2,213.83,427.66,Debit Card,WINTER15
ORD201177,4/27/2023,C23917,Printer,1,127.55,127.55,Cash,SAVE10
ORD201178,9/8/2024,C65107,Monitor,1,70.24,70.24,Credit Card,FREESHIP
ORD201179,1/8/2023,C84630,Laptop,5,518.55,2592.75,Credit Card,WINTER15
ORD201180,10/31/2023,C42235,Chair,4,298.36,1193.44,Debit Card,FREESHIP
ORD201181,7/27/2023,C70246,Desk,3,158.74,476.22,Online,FREESHIP
ORD201182,6/14/2025,C18473,Chair,2,420.29,840.58,Gift Card,SAVE10
ORD201183,4/5/2023,C12607,Desk,1,281.52,281.52,Gift Card,WINTER15
ORD201184,9/27/2023,C10222,Laptop,1,204.08,204.08,Gift Card,NONE
ORD201185,7/8/2024,C77344,Chair,1,343.31,343.31,Gift Card,SAVE10
ORD201186,11/18/2023,C65497,Monitor,1,163.32,163.32,Cash,WINTER15
ORD201187,3/13/2024,C26340,Desk,2,184.60,369.20,Gift Card,WINTER15
ORD201188,10/7/2023,C75619,Printer,2,371.29,742.58,Gift Card,WINTER15
ORD201189,8/17/2024,C96136,Tablet,5,389.22,1946.10,Cash,NONE
ORD201190,6/8/2025,C46886,Desk,3,616.39,1849.17,Credit Card,FREESHIP
ORD201191,2/10/2025,C44148,Desk,4,376.43,1505.72,Gift Card,WINTER15
ORD201192,2/28/2024,C72007,Chair,3,432.85,1298.55,Online,NONE
ORD201193,6/16/2025,C45104,Tablet,1,687.89,687.89,Cash,FREESHIP
ORD201194,11/19/2023,C29885,Printer,3,189.44,568.32,Cash,FREESHIP
ORD201195,6/20/2024,C21126,Desk,1,107.04,107.04,Credit Card,FREESHIP
ORD201196,3/4/2024,C20095,Monitor,2,662.53,1325.06,Online,NONE
ORD201197,7/13/2023,C79674,Tablet,2,436.84,873.68,Online,FREESHIP
ORD201198,8/22/2024,C64753,Chair,4,262.52,1050.08,Debit Card,WINTER15
ORD201199,6/11/2023,C57502,Tablet,4,560.58,2242.32,Gift Card,SAVE10
